frame_id,asset_id,source_name,frame_path,timestamp_s,frame_index,width,height,zone_l1,confuser_tags,use_purpose,split,quality_flag,reviewer_notes,sha256
SHIP_DVIDS_001_3ae00312b85040ce,SHIP_DVIDS_001,DVIDS,02_processed/frames/ship_like/DVIDS/20260426/SHIP_DVIDS_001/frame_000000.jpg,0,0,854,480,exterior_or_unknown,none,exclude,exclude,exclude,,14513d961985b1de2648b89e0ca8d3f481f93ee9860ad6c61fd7011d87345e8d
SHIP_DVIDS_001_17570aa84b84a2cf,SHIP_DVIDS_001,DVIDS,02_processed/frames/ship_like/DVIDS/20260426/SHIP_DVIDS_001/frame_000001.jpg,1,1,854,480,exterior_or_unknown,none,exclude,exclude,exclude,,0c342af1b7b1e17bb12be597422144529448b8a07ad8d1ca1e23d226ef78e730
SHIP_DVIDS_001_9a878d3a3b40e2ee,SHIP_DVIDS_001,DVIDS,02_processed/frames/ship_like/DVIDS/20260426/SHIP_DVIDS_001/frame_000002.jpg,2,2,854,480,exterior_or_unknown,none,exclude,exclude,exclude,,ba1813d756c82ecf32f43bcbbacae75212a50d00383fde32dbab4e367b988c68
SHIP_DVIDS_001_9af401084420eb9a,SHIP_DVIDS_001,DVIDS,02_processed/frames/ship_like/DVIDS/20260426/SHIP_DVIDS_001/frame_000003.jpg,3,3,854,480,exterior_or_unknown,none,exclude,exclude,exclude,,9c1d15f0ebd90a7dc1527ad21776d648227cd87d83b18928bb91d375722572e5
SHIP_DVIDS_001_2a04a4b423691175,SHIP_DVIDS_001,DVIDS,02_processed/frames/ship_like/DVIDS/20260426/SHIP_DVIDS_001/frame_000004.jpg,4,4,854,480,exterior_or_unknown,none,exclude,exclude,exclude,,4caeded9b785dbef26bf15b6ef16b7165b0a54fcb856d680e6bd8353407d0f06
SHIP_DVIDS_001_8cc47bb90f78cb3d,SHIP_DVIDS_001,DVIDS,02_processed/frames/ship_like/DVIDS/20260426/SHIP_DVIDS_001/frame_000005.jpg,5,5,854,480,exterior_or_unknown,none,exclude,exclude,exclude,,5e8bd92321b7537e3455af911779ca3769787896b67e82cbfb09d863dc900484
SHIP_DVIDS_001_36b3996d19e0c594,SHIP_DVIDS_001,DVIDS,02_processed/frames/ship_like/DVIDS/20260426/SHIP_DVIDS_001/frame_000006.jpg,6,6,854,480,exterior_or_unknown,none,exclude,exclude,exclude,,cc46af8b46d58112e19edbc2d9851b0329c4257bdb5bdaf371b358ad1dc19e27
SHIP_DVIDS_001_8c276006159c3d70,SHIP_DVIDS_001,DVIDS,02_processed/frames/ship_like/DVIDS/20260426/SHIP_DVIDS_001/frame_000007.jpg,7,7,854,480,exterior_or_unknown,none,exclude,exclude,exclude,,b7444ab8d7db27d62e0775c3cbabef2bd9b3b66e12a3f13f12bce2f907144514
SHIP_DVIDS_001_e3f9bc015d4cbe14,SHIP_DVIDS_001,DVIDS,02_processed/frames/ship_like/DVIDS/20260426/SHIP_DVIDS_001/frame_000008.jpg,8,8,854,480,exterior_or_unknown,none,exclude,exclude,exclude,,4563c6a47d92c0a528a8b553f0a9b795b9ece524df385dba3b728e009e157892
SHIP_DVIDS_001_5221542f331f4348,SHIP_DVIDS_001,DVIDS,02_processed/frames/ship_like/DVIDS/20260426/SHIP_DVIDS_001/frame_000009.jpg,9,9,854,480,exterior_or_unknown,none,exclude,exclude,exclude,,3a49934a1a6076035218338aa43cf960fbf79b260a349a0f04e62e0a0461f7e4
SHIP_DVIDS_001_113dfed1dea0541d,SHIP_DVIDS_001,DVIDS,02_processed/frames/ship_like/DVIDS/20260426/SHIP_DVIDS_001/frame_000010.jpg,10,10,854,480,exterior_or_unknown,none,exclude,exclude,exclude,,984d828735687d525f7f1f83a122e78f07d6887e63170cda5086e86f16eb63cf
SHIP_DVIDS_001_95993da05bd81e33,SHIP_DVIDS_001,DVIDS,02_processed/frames/ship_like/DVIDS/20260426/SHIP_DVIDS_001/frame_000011.jpg,11,11,854,480,exterior_or_unknown,none,exclude,exclude,exclude,,0bbdcfc739c471d9f91c4f3317811d6b95c58d2425f33069ce540a7dd0763f6f
SHIP_DVIDS_001_67e8fc89766cb617,SHIP_DVIDS_001,DVIDS,02_processed/frames/ship_like/DVIDS/20260426/SHIP_DVIDS_001/frame_000012.jpg,12,12,854,480,exterior_or_unknown,none,exclude,exclude,exclude,,ad6c65a14cfa0088debc0b4eef38d6e5460c1dcf0453429984de5530a94a05c7
SHIP_DVIDS_001_eb09f01677322114,SHIP_DVIDS_001,DVIDS,02_processed/frames/ship_like/DVIDS/20260426/SHIP_DVIDS_001/frame_000013.jpg,13,13,854,480,exterior_or_unknown,none,exclude,exclude,exclude,,476e88d637f77b864a7bd82f174759359224e0e6451b74b99886f3da61dbd25e
SHIP_DVIDS_001_044e9215bd047fe8,SHIP_DVIDS_001,DVIDS,02_processed/frames/ship_like/DVIDS/20260426/SHIP_DVIDS_001/frame_000014.jpg,14,14,854,480,exterior_or_unknown,none,exclude,exclude,exclude,,d2847ec3dac91085fd4d476fcba5b203de34ab4b12f6e3d3c7686a9a79bfb101
SHIP_DVIDS_001_e2ec39155363ca68,SHIP_DVIDS_001,DVIDS,02_processed/frames/ship_like/DVIDS/20260426/SHIP_DVIDS_001/frame_000015.jpg,15,15,854,480,exterior_or_unknown,none,exclude,exclude,exclude,,25375119f6185808995956789409cb2eb3e6174f0bb7a3f76a24b5402dcb4903
SHIP_DVIDS_001_fa6a8d1f8c691cf1,SHIP_DVIDS_001,DVIDS,02_processed/frames/ship_like/DVIDS/20260426/SHIP_DVIDS_001/frame_000016.jpg,16,16,854,480,exterior_or_unknown,none,exclude,exclude,exclude,,5051b5a06aa0e0864f4b1cb2e99d224e9ff8203a5ba0f127b9663a11a884e8b3
SHIP_DVIDS_001_106b42fd608f4bf1,SHIP_DVIDS_001,DVIDS,02_processed/frames/ship_like/DVIDS/20260426/SHIP_DVIDS_001/frame_000017.jpg,17,17,854,480,exterior_or_unknown,none,exclude,exclude,exclude,,e22157784e42390e5847d2f582b5e2c19c87bf706455355d9d6290f537161277
SHIP_DVIDS_001_58c5198d17798c15,SHIP_DVIDS_001,DVIDS,02_processed/frames/ship_like/DVIDS/20260426/SHIP_DVIDS_001/frame_000018.jpg,18,18,854,480,exterior_or_unknown,none,exclude,exclude,exclude,,f054ae0dbcaa2b2c616ae93d4ebb181bb4df4faad9ecc898e3b24ef82fd77fb1
SHIP_DVIDS_001_be518bac120b148c,SHIP_DVIDS_001,DVIDS,02_processed/frames/ship_like/DVIDS/20260426/SHIP_DVIDS_001/frame_000019.jpg,19,19,854,480,exterior_or_unknown,none,exclude,exclude,exclude,,edd5be17fd343e2923933536bbd80a647d99910a5fa8f448dff5c5ca2a720731
SHIP_DVIDS_001_27fb5d1abbf1add2,SHIP_DVIDS_001,DVIDS,02_processed/frames/ship_like/DVIDS/20260426/SHIP_DVIDS_001/frame_000020.jpg,20,20,854,480,exterior_or_unknown,none,exclude,exclude,exclude,,772e5b0be24d70bc17748a8524c648aebd8d05ca61df3a31933cae4c14d42309
SHIP_DVIDS_001_25c005deb6c4ad27,SHIP_DVIDS_001,DVIDS,02_processed/frames/ship_like/DVIDS/20260426/SHIP_DVIDS_001/frame_000021.jpg,21,21,854,480,exterior_or_unknown,none,exclude,exclude,exclude,,1b8b4b94aba4728ba24be425febfb158eabae17eb63199373827f4eb114f8ee6
SHIP_DVIDS_001_4fe98373e5c2629b,SHIP_DVIDS_001,DVIDS,02_processed/frames/ship_like/DVIDS/20260426/SHIP_DVIDS_001/frame_000022.jpg,22,22,854,480,exterior_or_unknown,none,exclude,exclude,exclude,,cbcaf985d03c5ecff39fdeb662e1c36b0da167315b27062c597192b9011337a0
SHIP_DVIDS_001_1733ac3cb0ddefe6,SHIP_DVIDS_001,DVIDS,02_processed/frames/ship_like/DVIDS/20260426/SHIP_DVIDS_001/frame_000023.jpg,23,23,854,480,exterior_or_unknown,none,exclude,exclude,exclude,,1fa368805ed8761d5cc44d01a5369e7e767c88ad0f90c1820b2a2d9c1699b841
SHIP_DVIDS_001_ca685ee9cdd706ec,SHIP_DVIDS_001,DVIDS,02_processed/frames/ship_like/DVIDS/20260426/SHIP_DVIDS_001/frame_000024.jpg,24,24,854,480,exterior_or_unknown,none,exclude,exclude,exclude,,52291e5538026ceb6591596f922730ee9da6d43c2e3bc927b70960ba16d2f83d
SHIP_DVIDS_001_8b6f4767b54f46fa,SHIP_DVIDS_001,DVIDS,02_processed/frames/ship_like/DVIDS/20260426/SHIP_DVIDS_001/frame_000025.jpg,25,25,854,480,exterior_or_unknown,none,exclude,exclude,exclude,,0d4cd1cc7f5a46323aaeb618e8464d2b9d4b78d5144af29097b489303f88d94b
SHIP_DVIDS_001_4bd948dd0d0c8bd9,SHIP_DVIDS_001,DVIDS,02_processed/frames/ship_like/DVIDS/20260426/SHIP_DVIDS_001/frame_000026.jpg,26,26,854,480,exterior_or_unknown,none,exclude,exclude,exclude,,1b3fa1e471926681dd905b107ab7f1fa7dcb7396bf3f86847d5b0f259a3a968f
SHIP_DVIDS_001_5c94110c1365b7a9,SHIP_DVIDS_001,DVIDS,02_processed/frames/ship_like/DVIDS/20260426/SHIP_DVIDS_001/frame_000027.jpg,27,27,854,480,exterior_or_unknown,none,exclude,exclude,exclude,,1005ac85eb50f7427a54710d366d5f1622f76d4286a24c1df82f01cf3ec6a1c5
SHIP_DVIDS_001_6c506fcf07a43615,SHIP_DVIDS_001,DVIDS,02_processed/frames/ship_like/DVIDS/20260426/SHIP_DVIDS_001/frame_000028.jpg,28,28,854,480,exterior_or_unknown,none,exclude,exclude,exclude,,a3226be7a956b1cd2e3bd88269914b9725a43cd3496680b8ccf9329ef9f9726f
SHIP_DVIDS_001_5388ca14c1d18eae,SHIP_DVIDS_001,DVIDS,02_processed/frames/ship_like/DVIDS/20260426/SHIP_DVIDS_001/frame_000029.jpg,29,29,854,480,exterior_or_unknown,none,exclude,exclude,exclude,,84870d264c6b93779b7ffec1c52780a749fb1a590a6c5d4c89f10cb3c2154866
SHIP_DVIDS_001_037aac459c132674,SHIP_DVIDS_001,DVIDS,02_processed/frames/ship_like/DVIDS/20260426/SHIP_DVIDS_001/frame_000030.jpg,30,30,854,480,exterior_or_unknown,none,exclude,exclude,exclude,,ba5927d6452d429432bea73dd131250da58c8b51f24f426a7a003320268b6f58
SHIP_DVIDS_001_adf20f63a9b7eade,SHIP_DVIDS_001,DVIDS,02_processed/frames/ship_like/DVIDS/20260426/SHIP_DVIDS_001/frame_000031.jpg,31,31,854,480,exterior_or_unknown,none,exclude,exclude,exclude,,4d197d0f49d6305a92b02cc23b563d4f119239606c286c592d504a98a9c5616b
SHIP_DVIDS_001_0b45e6cd8dcdbb3e,SHIP_DVIDS_001,DVIDS,02_processed/frames/ship_like/DVIDS/20260426/SHIP_DVIDS_001/frame_000032.jpg,32,32,854,480,exterior_or_unknown,none,exclude,exclude,exclude,,f4fa413e7526f8512a22d93f1c486d54dd66cfb8ea5bfcb6d47e4f3f7310d426
SHIP_DVIDS_001_ee36ebe92ccb864b,SHIP_DVIDS_001,DVIDS,02_processed/frames/ship_like/DVIDS/20260426/SHIP_DVIDS_001/frame_000033.jpg,33,33,854,480,exterior_or_unknown,none,exclude,exclude,exclude,,835ad666663e37e1520845a718aa6f5176f5e78ad01547cfbb6c8ca0f7d90a5f
SHIP_DVIDS_001_626a3f66fc9798ea,SHIP_DVIDS_001,DVIDS,02_processed/frames/ship_like/DVIDS/20260426/SHIP_DVIDS_001/frame_000034.jpg,34,34,854,480,exterior_or_unknown,none,exclude,exclude,exclude,,bf8914fc2caf1d624d7f27f2bd8da56958f9f8d4ddec3079cfeae661e9022230
SHIP_DVIDS_001_3376720ec0ece0ce,SHIP_DVIDS_001,DVIDS,02_processed/frames/ship_like/DVIDS/20260426/SHIP_DVIDS_001/frame_000035.jpg,35,35,854,480,exterior_or_unknown,none,exclude,exclude,exclude,,be92e08ff0888553e12bd4638f1d64f4884c33c19504e11635a4e4490f6343c0
SHIP_DVIDS_001_c8f119f764746807,SHIP_DVIDS_001,DVIDS,02_processed/frames/ship_like/DVIDS/20260426/SHIP_DVIDS_001/frame_000036.jpg,36,36,854,480,exterior_or_unknown,none,exclude,exclude,exclude,,17265f30d0923d7015fd58e1a39bd761901afc16276de380bb9b0274081f6fb9
SHIP_DVIDS_001_518753ae0bb80d98,SHIP_DVIDS_001,DVIDS,02_processed/frames/ship_like/DVIDS/20260426/SHIP_DVIDS_001/frame_000037.jpg,37,37,854,480,exterior_or_unknown,none,exclude,exclude,exclude,,a05f34768bf7fed36d9e02133ecd3f57d6dfd5030eceebe03a3085acad2a5363
SHIP_DVIDS_001_8138dcded282180b,SHIP_DVIDS_001,DVIDS,02_processed/frames/ship_like/DVIDS/20260426/SHIP_DVIDS_001/frame_000038.jpg,38,38,854,480,exterior_or_unknown,none,exclude,exclude,exclude,,216bd24a19b519a098cf40f2b054e9452170b80506f3cd26b87ecc4b27e3a7bd
SHIP_DVIDS_001_b6847fa291ad1393,SHIP_DVIDS_001,DVIDS,02_processed/frames/ship_like/DVIDS/20260426/SHIP_DVIDS_001/frame_000039.jpg,39,39,854,480,exterior_or_unknown,none,exclude,exclude,exclude,,565ba787af8dff915c34d3ab589c8c2e3ca6fd24dad7e8ce07ef908e4d5a1a79
SHIP_DVIDS_001_15ce9d9e5a0a6069,SHIP_DVIDS_001,DVIDS,02_processed/frames/ship_like/DVIDS/20260426/SHIP_DVIDS_001/frame_000040.jpg,40,40,854,480,exterior_or_unknown,none,exclude,exclude,exclude,,0421073413adb41cb4f4397177d97d21b96013153b91a242d5ff0bbff7e55ae4
SHIP_DVIDS_001_e0e255c3d43d38d9,SHIP_DVIDS_001,DVIDS,02_processed/frames/ship_like/DVIDS/20260426/SHIP_DVIDS_001/frame_000041.jpg,41,41,854,480,exterior_or_unknown,none,exclude,exclude,exclude,,0b2c1ee872fd51322b83307a590622d1ece80bb8970c50b2264fb29208f2b981
SHIP_DVIDS_001_158e601d64260710,SHIP_DVIDS_001,DVIDS,02_processed/frames/ship_like/DVIDS/20260426/SHIP_DVIDS_001/frame_000042.jpg,42,42,854,480,exterior_or_unknown,none,exclude,exclude,exclude,,ddd28bed8ddcf30c6ed21cf357712f42423f32b43c314377f70629f718383118
SHIP_DVIDS_001_491c466a4440b1d2,SHIP_DVIDS_001,DVIDS,02_processed/frames/ship_like/DVIDS/20260426/SHIP_DVIDS_001/frame_000043.jpg,43,43,854,480,exterior_or_unknown,none,exclude,exclude,exclude,,203c2ddbee3a0149a0b7f4f1bcd782c4e4da9b18a3d75cb27a8364057f635a2b
SHIP_DVIDS_001_56354bf8d6ac3cba,SHIP_DVIDS_001,DVIDS,02_processed/frames/ship_like/DVIDS/20260426/SHIP_DVIDS_001/frame_000044.jpg,44,44,854,480,exterior_or_unknown,none,exclude,exclude,exclude,,307e4e23bb07c53b28745e1f17bcbba5aff5d290c42f687b51446aacef5a63d7
SHIP_DVIDS_001_8a14bd902370b792,SHIP_DVIDS_001,DVIDS,02_processed/frames/ship_like/DVIDS/20260426/SHIP_DVIDS_001/frame_000045.jpg,45,45,854,480,exterior_or_unknown,none,exclude,exclude,exclude,,213b0d6f6bd374f09abab614455f775e19b5afba76edf217134b74faff35efc4
SHIP_DVIDS_001_53661562835ad791,SHIP_DVIDS_001,DVIDS,02_processed/frames/ship_like/DVIDS/20260426/SHIP_DVIDS_001/frame_000046.jpg,46,46,854,480,exterior_or_unknown,none,exclude,exclude,exclude,,ee0757654b3b20af14342a7810761ce694d3a0d812e499291ec4615e6ee8336c
SHIP_DVIDS_001_a674f5f6b3bc1fca,SHIP_DVIDS_001,DVIDS,02_processed/frames/ship_like/DVIDS/20260426/SHIP_DVIDS_001/frame_000047.jpg,47,47,854,480,exterior_or_unknown,none,exclude,exclude,exclude,,924365406dd411afec75137b61717c62429fc087d73a6e63db354c1def35d9ec
SHIP_DVIDS_001_f20a29f1feb4f31b,SHIP_DVIDS_001,DVIDS,02_processed/frames/ship_like/DVIDS/20260426/SHIP_DVIDS_001/frame_000048.jpg,48,48,854,480,exterior_or_unknown,none,exclude,exclude,exclude,,c2e2a586688480bde61ecce459044b7b586475c34f6011a233a8a88d4fff3357
SHIP_DVIDS_001_e4e7de27ec41bbb8,SHIP_DVIDS_001,DVIDS,02_processed/frames/ship_like/DVIDS/20260426/SHIP_DVIDS_001/frame_000049.jpg,49,49,854,480,exterior_or_unknown,none,exclude,exclude,exclude,,c4811ef7db919f94094f0d5e000c28df8c1966769e8eb497114bf210733f1da1
SHIP_DVIDS_001_6dbc8d3b0f84eca9,SHIP_DVIDS_001,DVIDS,02_processed/frames/ship_like/DVIDS/20260426/SHIP_DVIDS_001/frame_000050.jpg,50,50,854,480,exterior_or_unknown,none,exclude,exclude,exclude,,26d45f424efdd8d056556f0c17cd01c3ec4de45c10601d7d8126fecc95ff5554
SHIP_DVIDS_001_6aab7c8f686ce2e2,SHIP_DVIDS_001,DVIDS,02_processed/frames/ship_like/DVIDS/20260426/SHIP_DVIDS_001/frame_000051.jpg,51,51,854,480,engine_room,none,synth_background,train,exclude,,dda4103e4f440d99b6d32fb5188f8072767e0f86fc7d2997c0784fa3786a8ab6
SHIP_DVIDS_001_f8d07edf0b9f0f66,SHIP_DVIDS_001,DVIDS,02_processed/frames/ship_like/DVIDS/20260426/SHIP_DVIDS_001/frame_000052.jpg,52,52,854,480,engine_room,none,synth_background,train,exclude,,62f7107552ab5c135703ad92072cfb753ed365e40d5e136dd3a447d1a120f17f
SHIP_DVIDS_001_2e5c6c0101374459,SHIP_DVIDS_001,DVIDS,02_processed/frames/ship_like/DVIDS/20260426/SHIP_DVIDS_001/frame_000053.jpg,53,53,854,480,engine_room,none,synth_background,train,exclude,,669e7e8064683dd6f02d93fef3913569f330160b039b50e225698fa5ac9be22a
SHIP_DVIDS_001_00c01512921da32b,SHIP_DVIDS_001,DVIDS,02_processed/frames/ship_like/DVIDS/20260426/SHIP_DVIDS_001/frame_000054.jpg,54,54,854,480,engine_room,none,synth_background,train,exclude,,1329e30657e062d738b759d0f9ae66ec38e3cc25f5c45e6736bc7e9fc41d157f
SHIP_DVIDS_001_17d6d050cf4ad4a2,SHIP_DVIDS_001,DVIDS,02_processed/frames/ship_like/DVIDS/20260426/SHIP_DVIDS_001/frame_000055.jpg,55,55,854,480,engine_room,none,synth_background,train,normal,,5d6967a56519c6fcb5c86d121f84a519af4e823eae64eb55581b076c49a0b358
SHIP_DVIDS_001_3f07ea49f8af825f,SHIP_DVIDS_001,DVIDS,02_processed/frames/ship_like/DVIDS/20260426/SHIP_DVIDS_001/frame_000056.jpg,56,56,854,480,engine_room,none,synth_background,train,normal,,7c65ac218c83758df50a200d0cf3a19e12aa0d6bf09e2f465be5238a515bcfb9
SHIP_DVIDS_001_4d0893a7765fc410,SHIP_DVIDS_001,DVIDS,02_processed/frames/ship_like/DVIDS/20260426/SHIP_DVIDS_001/frame_000057.jpg,57,57,854,480,engine_room,none,synth_background,train,normal,,f69d5b6780bac987f0a0967b61e5db9d83aeebd265fd6159b315d2bf11f7adca
SHIP_DVIDS_001_ff39dd163722fc08,SHIP_DVIDS_001,DVIDS,02_processed/frames/ship_like/DVIDS/20260426/SHIP_DVIDS_001/frame_000058.jpg,58,58,854,480,engine_room,none,synth_background,train,normal,,2e955173052f34538db069e313a808522c6b2036ce6525a1695b3cd11240f3dd
SHIP_DVIDS_001_0fa5a79db91db653,SHIP_DVIDS_001,DVIDS,02_processed/frames/ship_like/DVIDS/20260426/SHIP_DVIDS_001/frame_000059.jpg,59,59,854,480,engine_room,none,synth_background,train,normal,,915ed3b129a57308c6335fe751b441e7008a9f69c45a273bcc5fa193334b7d5f
SHIP_DVIDS_001_cf9a728bb4c6ba3c,SHIP_DVIDS_001,DVIDS,02_processed/frames/ship_like/DVIDS/20260426/SHIP_DVIDS_001/frame_000060.jpg,60,60,854,480,engine_room,none,synth_background,train,normal,,5babb2cf2b03f1c28ceed6011a364cfb78bff0b26371eb95e860373c2171346c
SHIP_DVIDS_001_3ecb335ebe874b93,SHIP_DVIDS_001,DVIDS,02_processed/frames/ship_like/DVIDS/20260426/SHIP_DVIDS_001/frame_000061.jpg,61,61,854,480,engine_room,none,synth_background,train,normal,,1ef565290a8f59fe40c5ed24e72fe89e3a044f82cdc7cacba4b53e8e8398eacc
SHIP_DVIDS_001_d62bb7145c0fe9d3,SHIP_DVIDS_001,DVIDS,02_processed/frames/ship_like/DVIDS/20260426/SHIP_DVIDS_001/frame_000062.jpg,62,62,854,480,engine_room,none,synth_background,train,normal,,a4ddf8677a1f4a78930d7b60665239bc3c88552e387a9a554dd814ec30028fcd
SHIP_DVIDS_001_4dd4a4a25b60d53c,SHIP_DVIDS_001,DVIDS,02_processed/frames/ship_like/DVIDS/20260426/SHIP_DVIDS_001/frame_000063.jpg,63,63,854,480,engine_room,none,synth_background,train,normal,,789185e1b85c6fe3b0beceada9b340f5ef4c85b08bbc65178c6f552d53406100
SHIP_DVIDS_001_2a257c43b379e860,SHIP_DVIDS_001,DVIDS,02_processed/frames/ship_like/DVIDS/20260426/SHIP_DVIDS_001/frame_000064.jpg,64,64,854,480,engine_room,none,synth_background,train,normal,,86f0b4edf331a5e50449c961dad715c730adc3bad1a45e144b89e5f869c52898
SHIP_DVIDS_001_c45159a8dda1a774,SHIP_DVIDS_001,DVIDS,02_processed/frames/ship_like/DVIDS/20260426/SHIP_DVIDS_001/frame_000065.jpg,65,65,854,480,engine_room,none,synth_background,train,normal,,199cb1b4a538973f6472d7c255e63291ab2c3336e429e75f9fe7f14eafbeafdb
SHIP_DVIDS_001_fb5802c426d89555,SHIP_DVIDS_001,DVIDS,02_processed/frames/ship_like/DVIDS/20260426/SHIP_DVIDS_001/frame_000066.jpg,66,66,854,480,engine_room,none,synth_background,train,normal,,13c70b5c0822a365d56b7cdef0e1da3c022fc052b0f0e415f6c512671f07004e
SHIP_DVIDS_001_17a51b19443f84be,SHIP_DVIDS_001,DVIDS,02_processed/frames/ship_like/DVIDS/20260426/SHIP_DVIDS_001/frame_000067.jpg,67,67,854,480,engine_room,none,synth_background,train,normal,,cbf9bf8fdc88b633e6404e5610c07352362cb736af12fc0c208f926e7d08068c
SHIP_DVIDS_001_a63d91300b418085,SHIP_DVIDS_001,DVIDS,02_processed/frames/ship_like/DVIDS/20260426/SHIP_DVIDS_001/frame_000068.jpg,68,68,854,480,engine_room,none,synth_background,train,normal,,37da49cf0510fb820606ad6985af8a66654e39f39ea30d959c8bc076238cd7be
SHIP_DVIDS_001_ba2578ad1725d859,SHIP_DVIDS_001,DVIDS,02_processed/frames/ship_like/DVIDS/20260426/SHIP_DVIDS_001/frame_000069.jpg,69,69,854,480,engine_room,none,synth_background,train,normal,,c3d5bdd5136d8ee5b3612e3bb3d38b56785c032520cfc9390f37008305bf3672
SHIP_DVIDS_001_78ac4511db6ecf40,SHIP_DVIDS_001,DVIDS,02_processed/frames/ship_like/DVIDS/20260426/SHIP_DVIDS_001/frame_000070.jpg,70,70,854,480,engine_room,none,synth_background,train,normal,,1eba4d617c8812c3ff504f6f467d9ec339c11ade666cf211539e179e930c6053
SHIP_DVIDS_001_3e0d9bd10198c31a,SHIP_DVIDS_001,DVIDS,02_processed/frames/ship_like/DVIDS/20260426/SHIP_DVIDS_001/frame_000071.jpg,71,71,854,480,engine_room,none,synth_background,train,normal,,7dddfe245d5f283265d1ed9ec3877ffb28e6fe62a8c90ccb1e94d4bb874ee3ce
SHIP_DVIDS_001_400f2782fd41337e,SHIP_DVIDS_001,DVIDS,02_processed/frames/ship_like/DVIDS/20260426/SHIP_DVIDS_001/frame_000072.jpg,72,72,854,480,engine_room,none,synth_background,train,normal,,484adc9c687500dc46ef981796fd4142a4f8e848cd61e46f69d9ab203c9e5637
SHIP_DVIDS_001_37e09dc03f09aed3,SHIP_DVIDS_001,DVIDS,02_processed/frames/ship_like/DVIDS/20260426/SHIP_DVIDS_001/frame_000073.jpg,73,73,854,480,engine_room,none,synth_background,train,normal,,8f80553c9c25517bfb259d3e0ffa8fc987eb6a0e3e2e3c8a834dc9ff4169304d
SHIP_DVIDS_001_071670f8df755e08,SHIP_DVIDS_001,DVIDS,02_processed/frames/ship_like/DVIDS/20260426/SHIP_DVIDS_001/frame_000074.jpg,74,74,854,480,engine_room,none,synth_background,train,normal,,8bbd34786fe325271583ac3f210b5b2b699de961a913397adfb89be0ab07b903
SHIP_DVIDS_001_a87a3df4cd59a480,SHIP_DVIDS_001,DVIDS,02_processed/frames/ship_like/DVIDS/20260426/SHIP_DVIDS_001/frame_000075.jpg,75,75,854,480,engine_room,none,synth_background,train,normal,,774e6017bb50b3cbf152e4d4afba2e77e50d30454e19464e9d84fb4b3aa618ac
SHIP_DVIDS_001_0fb4af4aeef5e7b8,SHIP_DVIDS_001,DVIDS,02_processed/frames/ship_like/DVIDS/20260426/SHIP_DVIDS_001/frame_000076.jpg,76,76,854,480,engine_room,none,synth_background,train,normal,,1b019646680ea5eea8648787bbe7a2346e9cfa567309f67f64aa641685e39ed5
SHIP_DVIDS_001_5a4c9eaa9c5b0718,SHIP_DVIDS_001,DVIDS,02_processed/frames/ship_like/DVIDS/20260426/SHIP_DVIDS_001/frame_000077.jpg,77,77,854,480,engine_room,none,synth_background,train,normal,,1543989569c4ceae80b0c91f931554aed604f6d24eeb316ddad63bc332e6b80d
SHIP_DVIDS_001_f096b7970af35ccc,SHIP_DVIDS_001,DVIDS,02_processed/frames/ship_like/DVIDS/20260426/SHIP_DVIDS_001/frame_000078.jpg,78,78,854,480,engine_room,none,synth_background,train,normal,,37a2b71941494ac49b2e55cc4d8d49851cb7fe071a962261d4e6363cd1ab0222
SHIP_DVIDS_001_af3830021946ed5f,SHIP_DVIDS_001,DVIDS,02_processed/frames/ship_like/DVIDS/20260426/SHIP_DVIDS_001/frame_000079.jpg,79,79,854,480,engine_room,none,synth_background,train,normal,,5c0bb649966039719c194f5bb6c0b42bdcc5c6ed7adb176a79f05f75b9dcd17c
SHIP_DVIDS_001_21e83301dc812f83,SHIP_DVIDS_001,DVIDS,02_processed/frames/ship_like/DVIDS/20260426/SHIP_DVIDS_001/frame_000080.jpg,80,80,854,480,engine_room,none,synth_background,train,normal,,c11f707494d36ab73fd8ffc9fd9f8b46921da35729935b8428c88c6d0c217766
SHIP_DVIDS_001_83b9101756e23f87,SHIP_DVIDS_001,DVIDS,02_processed/frames/ship_like/DVIDS/20260426/SHIP_DVIDS_001/frame_000081.jpg,81,81,854,480,engine_room,none,synth_background,train,normal,,e2a1d09769fad75f23bd1c0579c2e3d9c6ac21a400d8a1892ea22ef45e46b286
SHIP_DVIDS_001_5337aef622db703c,SHIP_DVIDS_001,DVIDS,02_processed/frames/ship_like/DVIDS/20260426/SHIP_DVIDS_001/frame_000082.jpg,82,82,854,480,engine_room,none,synth_background,train,good,,20f7049edb4efd4c181b86c442862108b5b4d2f27fed5c915ac32d56d2a0b2e9
SHIP_DVIDS_001_f2475966fb054669,SHIP_DVIDS_001,DVIDS,02_processed/frames/ship_like/DVIDS/20260426/SHIP_DVIDS_001/frame_000083.jpg,83,83,854,480,engine_room,none,synth_background,train,good,,d04aefba4a5ab1456e220ff2661f43c2d7d4dba2989b580308255f79a689c991
SHIP_DVIDS_001_4278b5bea970a684,SHIP_DVIDS_001,DVIDS,02_processed/frames/ship_like/DVIDS/20260426/SHIP_DVIDS_001/frame_000084.jpg,84,84,854,480,engine_room,none,synth_background,train,good,,2336af7deaf96f3f06f7e3de79a1679011c15ad6ecc42d861d2764ff86bffabb
SHIP_DVIDS_001_fb9227ac7659e3cb,SHIP_DVIDS_001,DVIDS,02_processed/frames/ship_like/DVIDS/20260426/SHIP_DVIDS_001/frame_000085.jpg,85,85,854,480,engine_room,red_valve,hard_negative_eval,train,good,,4aba1e8935ffb136e91df6cc4b78a87d952a8f4d3f46684b02dd9b76f6e2faa0
SHIP_DVIDS_001_4425d2d560099453,SHIP_DVIDS_001,DVIDS,02_processed/frames/ship_like/DVIDS/20260426/SHIP_DVIDS_001/frame_000086.jpg,86,86,854,480,engine_room,red_valve,hard_negative_eval,train,good,,1a091cb74cefc1fd1b5943ebe900e81eb8877a0da9ef91adee00b73f973ab03e
SHIP_DVIDS_001_1e67fc8b961e6777,SHIP_DVIDS_001,DVIDS,02_processed/frames/ship_like/DVIDS/20260426/SHIP_DVIDS_001/frame_000087.jpg,87,87,854,480,engine_room,red_valve,hard_negative_eval,train,good,,2fd1464aa39ca23cf443ed8010b942d2a1d86a6ffcbfe990f184a029339ea618
SHIP_DVIDS_001_e4c5064eba0aab76,SHIP_DVIDS_001,DVIDS,02_processed/frames/ship_like/DVIDS/20260426/SHIP_DVIDS_001/frame_000088.jpg,88,88,854,480,engine_room,red_valve,hard_negative_eval,train,good,,b36929a75af043ff6fe0404f4aa2c154e11b556972504ad1d056a13798890eeb
SHIP_DVIDS_001_b00b1fe285337d58,SHIP_DVIDS_001,DVIDS,02_processed/frames/ship_like/DVIDS/20260426/SHIP_DVIDS_001/frame_000089.jpg,89,89,854,480,engine_room,red_valve,hard_negative_eval,train,good,,87fb67e148aad10d0a083fb056a3ba2ce376512daa562006b968e0a94d15ac90
SHIP_DVIDS_001_d65b2b85c0821908,SHIP_DVIDS_001,DVIDS,02_processed/frames/ship_like/DVIDS/20260426/SHIP_DVIDS_001/frame_000090.jpg,90,90,854,480,engine_room,red_valve,hard_negative_eval,train,good,,f540b1bc3a78dab3e481a0fe0b108dbca7d6725bde2fa1b3e04aad1637e95091
SHIP_DVIDS_001_56ed265b6bc51d6e,SHIP_DVIDS_001,DVIDS,02_processed/frames/ship_like/DVIDS/20260426/SHIP_DVIDS_001/frame_000091.jpg,91,91,854,480,engine_room,red_valve,hard_negative_eval,train,good,,888ae6d8fc953178a5bf917b6d05730e5ad7a771d8a873d79d5b03b90832cced
SHIP_DVIDS_001_4a3658dea8e7dba6,SHIP_DVIDS_001,DVIDS,02_processed/frames/ship_like/DVIDS/20260426/SHIP_DVIDS_001/frame_000092.jpg,92,92,854,480,engine_room,red_valve,hard_negative_eval,train,good,,112328552e9427ef56e48917c134699db5d90d3498c87e5dfb296882283a5184
SHIP_DVIDS_001_ba7415de036ccc36,SHIP_DVIDS_001,DVIDS,02_processed/frames/ship_like/DVIDS/20260426/SHIP_DVIDS_001/frame_000093.jpg,93,93,854,480,engine_room,red_valve,hard_negative_eval,train,good,,1b55ccc4f3a601bab50025e60898d21ae791455660a9e9f8befdc548762a029c
SHIP_DVIDS_001_e1382d22c6ff2d9e,SHIP_DVIDS_001,DVIDS,02_processed/frames/ship_like/DVIDS/20260426/SHIP_DVIDS_001/frame_000094.jpg,94,94,854,480,engine_room,red_valve,hard_negative_eval,train,good,,64346876ee08b3cace4c169bf5963e14c06263a5e7511bf48cd7c7949a0a1aae
SHIP_DVIDS_001_b128cad6ce9ec3a5,SHIP_DVIDS_001,DVIDS,02_processed/frames/ship_like/DVIDS/20260426/SHIP_DVIDS_001/frame_000095.jpg,95,95,854,480,engine_room,red_valve,hard_negative_eval,train,good,,cd228682ee6a43c4b5b351fe272e020cfde4ca93b7fc7254be366e9fac437dcf
SHIP_DVIDS_001_1a36491cc7a4bfa3,SHIP_DVIDS_001,DVIDS,02_processed/frames/ship_like/DVIDS/20260426/SHIP_DVIDS_001/frame_000096.jpg,96,96,854,480,engine_room,red_machine,hard_negative_eval,train,good,,27530ac8e410453973d7f0c3ca8930980a5a2409042eafc40bc57deae55fda66
SHIP_DVIDS_001_f327db9af957597d,SHIP_DVIDS_001,DVIDS,02_processed/frames/ship_like/DVIDS/20260426/SHIP_DVIDS_001/frame_000097.jpg,97,97,854,480,engine_room,red_machine,hard_negative_eval,train,good,,a250228c96b3330429e1ec3e5283b600105db5cd99648c82ef352ca5426e4e6f
SHIP_DVIDS_001_d68e17d769d55a5f,SHIP_DVIDS_001,DVIDS,02_processed/frames/ship_like/DVIDS/20260426/SHIP_DVIDS_001/frame_000098.jpg,98,98,854,480,engine_room,red_machine,hard_negative_eval,train,good,,5d1973e596e320a2cac435c02e3e56a53fa7458724f62dad21ebc578f6fa84c5
SHIP_DVIDS_001_0d04e9dfa673a74a,SHIP_DVIDS_001,DVIDS,02_processed/frames/ship_like/DVIDS/20260426/SHIP_DVIDS_001/frame_000099.jpg,99,99,854,480,engine_room,red_machine,hard_negative_eval,train,good,,6218e9add57061069b05a7fb7a896cafb2e3f8144bd95a9db7216e40dd661cf4
SHIP_DVIDS_001_9bdc2f86810eec62,SHIP_DVIDS_001,DVIDS,02_processed/frames/ship_like/DVIDS/20260426/SHIP_DVIDS_001/frame_000100.jpg,100,100,854,480,engine_room,red_machine,hard_negative_eval,train,good,,12362843fe94260d28d91d9b0aaa25cf1a7e960daf7bcd7ccf8ebef8c94cf2ce
SHIP_DVIDS_001_b0fd9b6a58960e77,SHIP_DVIDS_001,DVIDS,02_processed/frames/ship_like/DVIDS/20260426/SHIP_DVIDS_001/frame_000101.jpg,101,101,854,480,engine_room,red_machine,hard_negative_eval,train,good,,7bf3ad9a7abc39cdb96f6ef8f0efe66b134fa01d65bf90325ae01b172db30ba1
SHIP_DVIDS_001_10c273a34f01e256,SHIP_DVIDS_001,DVIDS,02_processed/frames/ship_like/DVIDS/20260426/SHIP_DVIDS_001/frame_000102.jpg,102,102,854,480,engine_room,red_machine,hard_negative_eval,train,good,,be77d7f950bb6f86149831b5bcdce2e1b8dfefd352cc5fda8f83f8ff3dd5f673
SHIP_DVIDS_001_1dc652f4d5768755,SHIP_DVIDS_001,DVIDS,02_processed/frames/ship_like/DVIDS/20260426/SHIP_DVIDS_001/frame_000103.jpg,103,103,854,480,engine_room,none,synth_background,train,good,,74490afad32717ee9b41c027bbbbca9dc45720a95cef2e5d49448b5fb3631216
SHIP_DVIDS_001_0480315deb02befc,SHIP_DVIDS_001,DVIDS,02_processed/frames/ship_like/DVIDS/20260426/SHIP_DVIDS_001/frame_000104.jpg,104,104,854,480,engine_room,none,synth_background,train,good,,2852be532373c96a0f2c77be359f810be920421731ae2c5a64e429e86a08ac9a
SHIP_DVIDS_001_0003f72ec68734ac,SHIP_DVIDS_001,DVIDS,02_processed/frames/ship_like/DVIDS/20260426/SHIP_DVIDS_001/frame_000105.jpg,105,105,854,480,engine_room,none,synth_background,train,good,,6994fe61e633d7107c451d426debe94ecf1bb6499a9169717e6fb3cc181c5744
SHIP_DVIDS_001_13d35a95416af246,SHIP_DVIDS_001,DVIDS,02_processed/frames/ship_like/DVIDS/20260426/SHIP_DVIDS_001/frame_000106.jpg,106,106,854,480,engine_room,none,synth_background,train,good,,4f2f5df83b91da1947e3374c0c2c2be39cfa2f6ad7f9e7c8f9d4fa1bd74f57fa
SHIP_DVIDS_001_5f3ce98429c33975,SHIP_DVIDS_001,DVIDS,02_processed/frames/ship_like/DVIDS/20260426/SHIP_DVIDS_001/frame_000107.jpg,107,107,854,480,engine_room,none,synth_background,train,good,,87782698b9cee9ec583cd4fb5c7aac1f3f77042b616e67cf94c7c83751d17a72
SHIP_DVIDS_001_fc4522acd6aafb62,SHIP_DVIDS_001,DVIDS,02_processed/frames/ship_like/DVIDS/20260426/SHIP_DVIDS_001/frame_000108.jpg,108,108,854,480,engine_room,none,synth_background,train,good,,5c62f60f376cd57768785943c3afeb561051f8a0875b56384a0ba6efb97478ac
SHIP_DVIDS_001_de5cb7df624d1eb5,SHIP_DVIDS_001,DVIDS,02_processed/frames/ship_like/DVIDS/20260426/SHIP_DVIDS_001/frame_000109.jpg,109,109,854,480,engine_room,none,synth_background,train,good,,8eb773e9e67b24b690e87f90bff385b3fbf9d832f9f1ba601354ff5770ebae05
SHIP_DVIDS_001_d5519d3e90b46508,SHIP_DVIDS_001,DVIDS,02_processed/frames/ship_like/DVIDS/20260426/SHIP_DVIDS_001/frame_000110.jpg,110,110,854,480,exterior_or_unknown,none,exclude,exclude,exclude,,4f193f189e57665e8d8889cd47c2693a1104f0f62631d8e00dcefc62e023339c
SHIP_DVIDS_001_efe75a4753160f7a,SHIP_DVIDS_001,DVIDS,02_processed/frames/ship_like/DVIDS/20260426/SHIP_DVIDS_001/frame_000111.jpg,111,111,854,480,exterior_or_unknown,none,exclude,exclude,exclude,,492bf4eea9108677f498d87e2b7b88782503c3320cc78bf16b716ac8addbf08e
SHIP_DVIDS_001_77d27e17c6895e37,SHIP_DVIDS_001,DVIDS,02_processed/frames/ship_like/DVIDS/20260426/SHIP_DVIDS_001/frame_000112.jpg,112,112,854,480,exterior_or_unknown,none,exclude,exclude,exclude,,69394f680b9096d43bce2fa2c40ecac493bee925ba93b6f2836bccb65cf5c78f
SHIP_DVIDS_001_5c623be949a67844,SHIP_DVIDS_001,DVIDS,02_processed/frames/ship_like/DVIDS/20260426/SHIP_DVIDS_001/frame_000113.jpg,113,113,854,480,exterior_or_unknown,none,exclude,exclude,exclude,,507f0e348784ba024c03b75b58837a3970fde8e2cb101f2325857d5c4a0d366f
SHIP_DVIDS_001_8ea7bc24a2f4be52,SHIP_DVIDS_001,DVIDS,02_processed/frames/ship_like/DVIDS/20260426/SHIP_DVIDS_001/frame_000114.jpg,114,114,854,480,exterior_or_unknown,none,exclude,exclude,exclude,,3039ccdf33008ad5c4c687eaac505ca2c8fc200cbfe32e1d0dff2788fb8b692f
SHIP_DVIDS_001_8ea9767d65e01fa7,SHIP_DVIDS_001,DVIDS,02_processed/frames/ship_like/DVIDS/20260426/SHIP_DVIDS_001/frame_000115.jpg,115,115,854,480,exterior_or_unknown,none,exclude,exclude,exclude,,1cd13e453fa12aec6f029e41795425b51f317cf74e833d828ca9b8e846de3706
SHIP_DVIDS_001_06d49cf34ba793c8,SHIP_DVIDS_001,DVIDS,02_processed/frames/ship_like/DVIDS/20260426/SHIP_DVIDS_001/frame_000116.jpg,116,116,854,480,exterior_or_unknown,none,exclude,exclude,exclude,,b27ecd88c039aed7f8d5f577bbd30b311dedf03ed5761d0409459eb65aafb640
SHIP_DVIDS_001_3aec8ff04c3dfd28,SHIP_DVIDS_001,DVIDS,02_processed/frames/ship_like/DVIDS/20260426/SHIP_DVIDS_001/frame_000117.jpg,117,117,854,480,exterior_or_unknown,none,exclude,exclude,exclude,,5fb83bc49764f54d8c532d33e1893e4923df9418cf1db3ad8eece514cff7c8ed
SHIP_DVIDS_001_c67fe152513a1a37,SHIP_DVIDS_001,DVIDS,02_processed/frames/ship_like/DVIDS/20260426/SHIP_DVIDS_001/frame_000118.jpg,118,118,854,480,exterior_or_unknown,none,exclude,exclude,exclude,,5172b72c31c7bdfe3884f7503e60809b09aa165742613f803c49748e34e1a4f0
SHIP_DVIDS_001_a5c0172e3857907c,SHIP_DVIDS_001,DVIDS,02_processed/frames/ship_like/DVIDS/20260426/SHIP_DVIDS_001/frame_000119.jpg,119,119,854,480,exterior_or_unknown,none,exclude,exclude,exclude,,c8feafcef15f6f96298b87b48104f43043f30d16b72b3af746bdcd59daa11d48
SHIP_DVIDS_001_7f8efd0fb7778ed5,SHIP_DVIDS_001,DVIDS,02_processed/frames/ship_like/DVIDS/20260426/SHIP_DVIDS_001/frame_000120.jpg,120,120,854,480,exterior_or_unknown,none,exclude,exclude,exclude,,a223f57d8010d2a0440fbfb4777d70197a6ad0739865065a049c4424f7389b6d
SHIP_DVIDS_001_67f090f9c8801cc9,SHIP_DVIDS_001,DVIDS,02_processed/frames/ship_like/DVIDS/20260426/SHIP_DVIDS_001/frame_000121.jpg,121,121,854,480,engine_room,none,synth_background,train,good,,59fa0de4f9e56bc1f3ec9a36c075105c4639b258c951fd05a323f591033267d0
SHIP_DVIDS_001_59e4be56ec08cefe,SHIP_DVIDS_001,DVIDS,02_processed/frames/ship_like/DVIDS/20260426/SHIP_DVIDS_001/frame_000122.jpg,122,122,854,480,engine_room,none,synth_background,train,good,,3b75f830d889ded29d46119f4ec8037730d635ffea6eab428b7f773645a123cf
SHIP_DVIDS_001_ef682e317aaf7e28,SHIP_DVIDS_001,DVIDS,02_processed/frames/ship_like/DVIDS/20260426/SHIP_DVIDS_001/frame_000123.jpg,123,123,854,480,engine_room,none,synth_background,train,good,,a89986010c164e4eebba88f38dccbbc437f90f051ff38d363fb3d45afd4ba18b
SHIP_DVIDS_001_45269f8c71df7506,SHIP_DVIDS_001,DVIDS,02_processed/frames/ship_like/DVIDS/20260426/SHIP_DVIDS_001/frame_000124.jpg,124,124,854,480,engine_room,none,synth_background,train,good,,34a73bd12b0f1708339ca78661e72a960ae82da05b8ab8a91f91010ad952e86a
SHIP_DVIDS_001_b741e3a92c8ecb0b,SHIP_DVIDS_001,DVIDS,02_processed/frames/ship_like/DVIDS/20260426/SHIP_DVIDS_001/frame_000125.jpg,125,125,854,480,engine_room,none,synth_background,train,good,,47ffd582e65990f5e80ed8a87816920d46628d684761a938cf33cf24b57637ed
SHIP_DVIDS_001_9c5a72a514dfcd1c,SHIP_DVIDS_001,DVIDS,02_processed/frames/ship_like/DVIDS/20260426/SHIP_DVIDS_001/frame_000126.jpg,126,126,854,480,engine_room,none,synth_background,train,good,,2781845b250d430c03020d67afa20e2904e382ea86fd03fc5a800e48105b9681
SHIP_DVIDS_001_e17109d06219203b,SHIP_DVIDS_001,DVIDS,02_processed/frames/ship_like/DVIDS/20260426/SHIP_DVIDS_001/frame_000127.jpg,127,127,854,480,engine_room,none,synth_background,train,good,,29eef7f7f849e5043969c4d8eb54d945e1af4dc9ac9eb46351d84dc12be1dc1a
SHIP_DVIDS_001_40725ed7be0b2294,SHIP_DVIDS_001,DVIDS,02_processed/frames/ship_like/DVIDS/20260426/SHIP_DVIDS_001/frame_000128.jpg,128,128,854,480,engine_room,none,synth_background,train,good,,52cf408b8b07bc3c300ecb5455be96b8b6f9206eec12d616bd6d6e611359f397
SHIP_DVIDS_001_b2301c6bd8576292,SHIP_DVIDS_001,DVIDS,02_processed/frames/ship_like/DVIDS/20260426/SHIP_DVIDS_001/frame_000129.jpg,129,129,854,480,engine_room,none,synth_background,train,good,,74eb9946b68be1e2dbf47fd0e10914f981ccaacd14e71ada6cb6b192fd78761d
SHIP_DVIDS_001_f61bc432432e9226,SHIP_DVIDS_001,DVIDS,02_processed/frames/ship_like/DVIDS/20260426/SHIP_DVIDS_001/frame_000130.jpg,130,130,854,480,engine_room,none,synth_background,train,good,,87a8e31c94e86667da16ec17b1a60a6b083517ad072e5cbac318db0bb422c481
SHIP_DVIDS_001_d1a9ed131d947359,SHIP_DVIDS_001,DVIDS,02_processed/frames/ship_like/DVIDS/20260426/SHIP_DVIDS_001/frame_000131.jpg,131,131,854,480,engine_room,none,synth_background,train,good,,1e097b32e653fdbba1b70c50002af97370aab244a01dc4791eb864033ae0344e
SHIP_DVIDS_001_1f7abbc704905c31,SHIP_DVIDS_001,DVIDS,02_processed/frames/ship_like/DVIDS/20260426/SHIP_DVIDS_001/frame_000132.jpg,132,132,854,480,engine_room,none,synth_background,train,good,,a9f1b656dccfbf4d8dc2dbd6058138e7641f5aced6d22bbc1621a44c96d9b5dc
SHIP_DVIDS_001_58aab954da44185c,SHIP_DVIDS_001,DVIDS,02_processed/frames/ship_like/DVIDS/20260426/SHIP_DVIDS_001/frame_000133.jpg,133,133,854,480,engine_room,none,synth_background,train,good,,d7f221e5a101805d490bf80a274ba479edeb6e058ff262d08c33c87fe268487f
SHIP_DVIDS_001_a21d553d68469e6c,SHIP_DVIDS_001,DVIDS,02_processed/frames/ship_like/DVIDS/20260426/SHIP_DVIDS_001/frame_000134.jpg,134,134,854,480,engine_room,none,synth_background,train,good,,003e2d4e40b12cd22fa2a68d483c025eb481f228b03b53f0b7017bd41d1e0de8
SHIP_DVIDS_001_7f0e437530f9403c,SHIP_DVIDS_001,DVIDS,02_processed/frames/ship_like/DVIDS/20260426/SHIP_DVIDS_001/frame_000135.jpg,135,135,854,480,engine_room,none,synth_background,train,good,,68baa6f38099c82236f3cccf844c6f1f23f1fd3e3118b8d6a52238def536e14e
SHIP_DVIDS_001_62d6527edef8a8cc,SHIP_DVIDS_001,DVIDS,02_processed/frames/ship_like/DVIDS/20260426/SHIP_DVIDS_001/frame_000136.jpg,136,136,854,480,engine_room,none,synth_background,train,good,,494e5a4248d620891fc374d1e68765b5b462b47bd4271e653103bb862b94b0f5
SHIP_DVIDS_001_f98c6c5e509c4f96,SHIP_DVIDS_001,DVIDS,02_processed/frames/ship_like/DVIDS/20260426/SHIP_DVIDS_001/frame_000137.jpg,137,137,854,480,exterior_or_unknown,none,exclude,exclude,exclude,,da673d8dda2c9249260a48baadcb88d52ae109a1c166773621fc1fa9e16847fe
SHIP_DVIDS_001_4a555ce0da79356b,SHIP_DVIDS_001,DVIDS,02_processed/frames/ship_like/DVIDS/20260426/SHIP_DVIDS_001/frame_000138.jpg,138,138,854,480,exterior_or_unknown,none,exclude,exclude,exclude,,9d52377a05a93b9e6322e3094d6ac4966723779dd45ab8e4f4696123c42b6ea9
SHIP_DVIDS_001_ee59a798698fdc36,SHIP_DVIDS_001,DVIDS,02_processed/frames/ship_like/DVIDS/20260426/SHIP_DVIDS_001/frame_000139.jpg,139,139,854,480,exterior_or_unknown,none,exclude,exclude,exclude,,824c1236e20527abba7e1c3e1bc5f4f71aefb4ab483d2aefba27474cfddf21fc
SHIP_DVIDS_001_85c48d3033bcdec3,SHIP_DVIDS_001,DVIDS,02_processed/frames/ship_like/DVIDS/20260426/SHIP_DVIDS_001/frame_000140.jpg,140,140,854,480,exterior_or_unknown,none,exclude,exclude,exclude,,412bc9f49e13db09c06936b64242a68b0b85812e11c2786ac6cdd826d18b0173
SHIP_DVIDS_001_8bd386110c10afb0,SHIP_DVIDS_001,DVIDS,02_processed/frames/ship_like/DVIDS/20260426/SHIP_DVIDS_001/frame_000141.jpg,141,141,854,480,exterior_or_unknown,none,exclude,exclude,exclude,,e247a8f83ab750d7e9532fa76530bd05d1ad898ac5c53feeb87bd1af68928932
SHIP_DVIDS_001_f5933932fc5f3eb8,SHIP_DVIDS_001,DVIDS,02_processed/frames/ship_like/DVIDS/20260426/SHIP_DVIDS_001/frame_000142.jpg,142,142,854,480,exterior_or_unknown,none,exclude,exclude,exclude,,83249ae950ffb33396ae839824fd74ce8de2710e8b6a2c61e3dbdab466ecae75
SHIP_DVIDS_001_19ea3e4cee578276,SHIP_DVIDS_001,DVIDS,02_processed/frames/ship_like/DVIDS/20260426/SHIP_DVIDS_001/frame_000143.jpg,143,143,854,480,engine_room,none,synth_background,train,good,,46377b5a0089dd0357305effa957fd350df3718fe3d66605c065a8abbb227b56
SHIP_DVIDS_001_414c3d5b85bdaf52,SHIP_DVIDS_001,DVIDS,02_processed/frames/ship_like/DVIDS/20260426/SHIP_DVIDS_001/frame_000144.jpg,144,144,854,480,engine_room,none,synth_background,train,good,,bdbeeac73bfdb344c5db0a57b2e5431221d5cf570ae616ae5e8bf20cd159be41
SHIP_DVIDS_001_b9ae265b1092a83d,SHIP_DVIDS_001,DVIDS,02_processed/frames/ship_like/DVIDS/20260426/SHIP_DVIDS_001/frame_000145.jpg,145,145,854,480,engine_room,none,synth_background,train,good,,74ce4468cba3d3086e687b36ddd52090b2176178c8c9c0918b4c82985992aa53
SHIP_DVIDS_001_6a39dc0dfad6c915,SHIP_DVIDS_001,DVIDS,02_processed/frames/ship_like/DVIDS/20260426/SHIP_DVIDS_001/frame_000146.jpg,146,146,854,480,engine_room,none,synth_background,train,good,,d5110f0c62baef359772a652e0e61bb5fb66cb8ad4d740980e3fa567f07053a4
SHIP_DVIDS_001_803c68c7e3276c87,SHIP_DVIDS_001,DVIDS,02_processed/frames/ship_like/DVIDS/20260426/SHIP_DVIDS_001/frame_000147.jpg,147,147,854,480,engine_room,none,synth_background,train,good,,301c9c6ed71f04044caf712373b278841de0c5940e2cb56da7610d347379eaee
SHIP_DVIDS_001_74b1ce5a14df64fb,SHIP_DVIDS_001,DVIDS,02_processed/frames/ship_like/DVIDS/20260426/SHIP_DVIDS_001/frame_000148.jpg,148,148,854,480,engine_room,none,synth_background,train,good,,46c5945c1adbcf987647648f117f238a96be50a9ff73412c417d976b901096ba
SHIP_DVIDS_001_65fd9e1b32641865,SHIP_DVIDS_001,DVIDS,02_processed/frames/ship_like/DVIDS/20260426/SHIP_DVIDS_001/frame_000149.jpg,149,149,854,480,engine_room,none,synth_background,train,good,,4447f7c8e6fa2de140e900937c19b4f47d76787fc05d2d14aa3ad884e40e3f98
SHIP_DVIDS_001_df17fa7c2c06da5d,SHIP_DVIDS_001,DVIDS,02_processed/frames/ship_like/DVIDS/20260426/SHIP_DVIDS_001/frame_000150.jpg,150,150,854,480,engine_room,none,synth_background,train,good,,f9c290d9fe38ceba140005c3d26ae76d11b97211376d8346bb28ac2381eedf10
SHIP_DVIDS_001_367e4597837981fe,SHIP_DVIDS_001,DVIDS,02_processed/frames/ship_like/DVIDS/20260426/SHIP_DVIDS_001/frame_000151.jpg,151,151,854,480,exterior_or_unknown,none,exclude,exclude,exclude,,7317932f12383439d9e4e85fd938d1046cdb85a1e6f27fac8c562988dae5441f
SHIP_DVIDS_001_e7a8adc553af5775,SHIP_DVIDS_001,DVIDS,02_processed/frames/ship_like/DVIDS/20260426/SHIP_DVIDS_001/frame_000152.jpg,152,152,854,480,exterior_or_unknown,none,exclude,exclude,exclude,,7b2b231064e295dbf981dd445adf0539d4e2c920c131ef8feb3ef477a133c66e
SHIP_DVIDS_001_4b0f776f30a38171,SHIP_DVIDS_001,DVIDS,02_processed/frames/ship_like/DVIDS/20260426/SHIP_DVIDS_001/frame_000153.jpg,153,153,854,480,exterior_or_unknown,none,exclude,exclude,exclude,,6f2a510fe83581255f5b4b0610cc139b8fafddd132416f42f821bbe9a35b815b
SHIP_DVIDS_001_3839a4f6d97e7561,SHIP_DVIDS_001,DVIDS,02_processed/frames/ship_like/DVIDS/20260426/SHIP_DVIDS_001/frame_000154.jpg,154,154,854,480,exterior_or_unknown,none,exclude,exclude,exclude,,60389b148c3f7093fb23f353a275e5c38bdf3bf040d6a5f28c476c564efdc664
SHIP_DVIDS_001_82a5f419bddb7654,SHIP_DVIDS_001,DVIDS,02_processed/frames/ship_like/DVIDS/20260426/SHIP_DVIDS_001/frame_000155.jpg,155,155,854,480,exterior_or_unknown,none,exclude,exclude,exclude,,21c25b963cd28015000cec4cb2eae8cf690e49807cb0cc25be4abbe6ccd1ebea
SHIP_DVIDS_001_b8dbf60d79bb2c2d,SHIP_DVIDS_001,DVIDS,02_processed/frames/ship_like/DVIDS/20260426/SHIP_DVIDS_001/frame_000156.jpg,156,156,854,480,engine_room,none,exclude,exclude,exclude,,b2f7ceb8b5fa0f12f7a35de793e300e4a3c5963ecd641798635195ac114332b6
SHIP_DVIDS_001_edac35cd01535795,SHIP_DVIDS_001,DVIDS,02_processed/frames/ship_like/DVIDS/20260426/SHIP_DVIDS_001/frame_000157.jpg,157,157,854,480,engine_room,none,exclude,exclude,exclude,,431a1be4d7ddda06dea1641ff29e9591787c5fdb0b7127b8837bb6d2027c1349
SHIP_DVIDS_001_339cc5ca0af22607,SHIP_DVIDS_001,DVIDS,02_processed/frames/ship_like/DVIDS/20260426/SHIP_DVIDS_001/frame_000158.jpg,158,158,854,480,engine_room,none,exclude,exclude,exclude,,02eeecf5501e02fcd423f3b2708445360cff161707091dfe109faafb409e887f
SHIP_DVIDS_001_f8ad3035fb043f96,SHIP_DVIDS_001,DVIDS,02_processed/frames/ship_like/DVIDS/20260426/SHIP_DVIDS_001/frame_000159.jpg,159,159,854,480,engine_room,none,exclude,exclude,exclude,,0cd5e0e78b4c7ed16c4aaaa871f96b766823ace199d98cd5a66c01b3fb2ac5b1
SHIP_DVIDS_001_2ae70ba19fcb28df,SHIP_DVIDS_001,DVIDS,02_processed/frames/ship_like/DVIDS/20260426/SHIP_DVIDS_001/frame_000160.jpg,160,160,854,480,engine_room,none,exclude,exclude,exclude,,13f3bf83e21b8ad93b73a6fcf98bfe2fe02d581f3ca81ce1e6d59df9535c026d
SHIP_DVIDS_001_011792a62a7024c1,SHIP_DVIDS_001,DVIDS,02_processed/frames/ship_like/DVIDS/20260426/SHIP_DVIDS_001/frame_000161.jpg,161,161,854,480,engine_room,none,exclude,exclude,exclude,,3000715bbf509e29d3773056e6a35f438a2c281b0ef47ac1682ec5e59e29bda1
SHIP_DVIDS_001_a367173f5d330bfb,SHIP_DVIDS_001,DVIDS,02_processed/frames/ship_like/DVIDS/20260426/SHIP_DVIDS_001/frame_000162.jpg,162,162,854,480,engine_room,none,exclude,exclude,exclude,,324ea882285e8b45606c141287e577b23990256f50bc4ad1eba9f85f9a3942b4
SHIP_DVIDS_001_8446cc220521b55d,SHIP_DVIDS_001,DVIDS,02_processed/frames/ship_like/DVIDS/20260426/SHIP_DVIDS_001/frame_000163.jpg,163,163,854,480,engine_room,none,exclude,exclude,exclude,,37c1a5d65f87169e796d92119dab08dc1facdb4f5fed09e3b6eef98f0ef145c6
SHIP_DVIDS_001_3b684ee038b91571,SHIP_DVIDS_001,DVIDS,02_processed/frames/ship_like/DVIDS/20260426/SHIP_DVIDS_001/frame_000164.jpg,164,164,854,480,engine_room,none,exclude,exclude,exclude,,b6ed2866829952da77b4d19ed2b702d2996c9b56076a42548fcbe7b8a218fbe5
SHIP_DVIDS_001_868e2c03cc691ec2,SHIP_DVIDS_001,DVIDS,02_processed/frames/ship_like/DVIDS/20260426/SHIP_DVIDS_001/frame_000165.jpg,165,165,854,480,engine_room,none,exclude,exclude,exclude,,78a563d362f62b8aba59b1aa71492119034c21b3a2ad0da5611602a1d27e76f1
SHIP_DVIDS_001_1ce5a98672605c0c,SHIP_DVIDS_001,DVIDS,02_processed/frames/ship_like/DVIDS/20260426/SHIP_DVIDS_001/frame_000166.jpg,166,166,854,480,engine_room,none,exclude,exclude,exclude,,599e648890200991786adf8b1bc976ec6716a088d2a84b6f6f3ea2c4a0337b19
SHIP_DVIDS_001_19abfcba24617d74,SHIP_DVIDS_001,DVIDS,02_processed/frames/ship_like/DVIDS/20260426/SHIP_DVIDS_001/frame_000167.jpg,167,167,854,480,engine_room,none,synth_background,train,good,,3c3e7ea6b30598ab4db95aad3ad7cd57fcd7b482c5005835087e801319f44e44
SHIP_DVIDS_001_0a1f02c20a278ccd,SHIP_DVIDS_001,DVIDS,02_processed/frames/ship_like/DVIDS/20260426/SHIP_DVIDS_001/frame_000168.jpg,168,168,854,480,engine_room,none,synth_background,train,good,,9100b8c2ab7a9f1aa2d05c1822e0cc3bf60cfeb63a4014e98af407ac971deff2
SHIP_DVIDS_001_ad3e68654d33a1dd,SHIP_DVIDS_001,DVIDS,02_processed/frames/ship_like/DVIDS/20260426/SHIP_DVIDS_001/frame_000169.jpg,169,169,854,480,engine_room,none,synth_background,train,good,,1b9035f6d96faaec70904baded7d1a8e82b76d1f33936fdeef199f8025b7bf5e
SHIP_DVIDS_001_da2e4b882fc27c09,SHIP_DVIDS_001,DVIDS,02_processed/frames/ship_like/DVIDS/20260426/SHIP_DVIDS_001/frame_000170.jpg,170,170,854,480,engine_room,none,synth_background,train,good,,94551d2d7872ef0c003354104fc7e09aa2f55f604d964d3a86427d62e59a038c
SHIP_DVIDS_001_43d8ae95ea390bca,SHIP_DVIDS_001,DVIDS,02_processed/frames/ship_like/DVIDS/20260426/SHIP_DVIDS_001/frame_000171.jpg,171,171,854,480,engine_room,none,synth_background,train,good,,6b331f9b953736e1e7afbc1a2ef8c44d08c7744a15c7a37cd3878a87fe223e1e
SHIP_DVIDS_001_8aa97d2019331345,SHIP_DVIDS_001,DVIDS,02_processed/frames/ship_like/DVIDS/20260426/SHIP_DVIDS_001/frame_000172.jpg,172,172,854,480,engine_room,none,synth_background,train,good,,2703920a1f802d665e530a262dc3ce74815701789a2420fe381306c857b03e8e
SHIP_DVIDS_001_c637ced263526654,SHIP_DVIDS_001,DVIDS,02_processed/frames/ship_like/DVIDS/20260426/SHIP_DVIDS_001/frame_000173.jpg,173,173,854,480,engine_room,none,synth_background,train,good,,2a0d321c19fa8fea9b38b698cf83b404c3d4227981b7b81f060ef5034ad44a90
SHIP_DVIDS_001_b59f3cd9d4e4ac18,SHIP_DVIDS_001,DVIDS,02_processed/frames/ship_like/DVIDS/20260426/SHIP_DVIDS_001/frame_000174.jpg,174,174,854,480,engine_room,none,synth_background,train,good,,b6375b8ad76d13fac209c702b0c84657d51ac811385d84b6b524ed61b3660206
SHIP_DVIDS_001_9b1335e186fa052a,SHIP_DVIDS_001,DVIDS,02_processed/frames/ship_like/DVIDS/20260426/SHIP_DVIDS_001/frame_000175.jpg,175,175,854,480,engine_room,none,synth_background,train,good,,4fc8f85e30b981623310128efe431f5d4d9cd1c73fc6644cbf54b4161562404c
SHIP_DVIDS_001_802a9a2276c42114,SHIP_DVIDS_001,DVIDS,02_processed/frames/ship_like/DVIDS/20260426/SHIP_DVIDS_001/frame_000176.jpg,176,176,854,480,engine_room,none,synth_background,train,good,,542db98b89c9adcd92f451bcf51f16568603be92e905d6ee39fb516dff8461fa
SHIP_DVIDS_001_31963e204b2f18a5,SHIP_DVIDS_001,DVIDS,02_processed/frames/ship_like/DVIDS/20260426/SHIP_DVIDS_001/frame_000177.jpg,177,177,854,480,engine_room,none,synth_background,train,good,,2e3cefee4a7902988517d58cfb52df47c6215ca3e805ae2e02d1750431d54dd9
SHIP_DVIDS_001_9b54493d5767b642,SHIP_DVIDS_001,DVIDS,02_processed/frames/ship_like/DVIDS/20260426/SHIP_DVIDS_001/frame_000178.jpg,178,178,854,480,engine_room,none,synth_background,train,good,,ba87636b483f8cd88ddaac9a6e527ec4227c1f1a54ea2a78943deb5ea2c0c3ab
SHIP_DVIDS_001_8ab560aca62dea3e,SHIP_DVIDS_001,DVIDS,02_processed/frames/ship_like/DVIDS/20260426/SHIP_DVIDS_001/frame_000179.jpg,179,179,854,480,engine_room,none,synth_background,train,good,,d544c868dec6d81b7fc03cf8ed6ae11eae6215690754aadc50bcdd148d30099b
SHIP_DVIDS_001_ba70daf85f88ed36,SHIP_DVIDS_001,DVIDS,02_processed/frames/ship_like/DVIDS/20260426/SHIP_DVIDS_001/frame_000180.jpg,180,180,854,480,engine_room,none,synth_background,train,good,,22c62293532610f8ac8a0492a74b475f844153c2b6e4de3096cb94113dff69ed
SHIP_DVIDS_001_2b21551e71770107,SHIP_DVIDS_001,DVIDS,02_processed/frames/ship_like/DVIDS/20260426/SHIP_DVIDS_001/frame_000181.jpg,181,181,854,480,engine_room,none,synth_background,train,good,,4b61ae714e8cd06c48b1f1e5db60088c4bf5e4edc194236597dbc0ea82d3b201
SHIP_DVIDS_001_1a343d6d4d7c7e82,SHIP_DVIDS_001,DVIDS,02_processed/frames/ship_like/DVIDS/20260426/SHIP_DVIDS_001/frame_000182.jpg,182,182,854,480,engine_room,none,synth_background,train,good,,8f6e26546c58cc3930f4c54da3bd84417141c7fc0f28c7c2be4c29615382482b
SHIP_DVIDS_001_dd51bee438846763,SHIP_DVIDS_001,DVIDS,02_processed/frames/ship_like/DVIDS/20260426/SHIP_DVIDS_001/frame_000183.jpg,183,183,854,480,engine_room,none,synth_background,train,good,,bd30bb766a5c08e6f14edf1ca799419caa888aed8125213654951d1aa4599e06
SHIP_DVIDS_001_63b2ae8c8ae0a59b,SHIP_DVIDS_001,DVIDS,02_processed/frames/ship_like/DVIDS/20260426/SHIP_DVIDS_001/frame_000184.jpg,184,184,854,480,engine_room,none,synth_background,train,good,,2e6d8bbe7576064e183a9275302e4ec548957b5cfa8cccadaaaf5506503dacb5
SHIP_DVIDS_001_9858e43618904ec7,SHIP_DVIDS_001,DVIDS,02_processed/frames/ship_like/DVIDS/20260426/SHIP_DVIDS_001/frame_000185.jpg,185,185,854,480,engine_room,none,synth_background,train,good,,e4f44bec6b61c84f8eb7d2e0857f8dfb0e21071e9bbaffc5735394c15dd36dd7
SHIP_DVIDS_001_98a57762129a15a6,SHIP_DVIDS_001,DVIDS,02_processed/frames/ship_like/DVIDS/20260426/SHIP_DVIDS_001/frame_000186.jpg,186,186,854,480,engine_room,none,synth_background,train,good,,5a7589a5421fede4ff4b224de6ca915036b9f27795ee0a745f281f3e1749783d
SHIP_DVIDS_001_0201649d22d815b3,SHIP_DVIDS_001,DVIDS,02_processed/frames/ship_like/DVIDS/20260426/SHIP_DVIDS_001/frame_000187.jpg,187,187,854,480,engine_room,none,synth_background,train,good,,4387682a6fc5ec276c4bdd6643e8e57948f2f0aba583cc30dce0826f4cd986c4
SHIP_DVIDS_001_510114257c1b9c7d,SHIP_DVIDS_001,DVIDS,02_processed/frames/ship_like/DVIDS/20260426/SHIP_DVIDS_001/frame_000188.jpg,188,188,854,480,engine_room,none,synth_background,train,good,,b519b51917a6bc9d35aabf512892724997a664e6704fd1ca3e4ea7e4fd8cebdf
SHIP_DVIDS_001_c8ab8314378c8707,SHIP_DVIDS_001,DVIDS,02_processed/frames/ship_like/DVIDS/20260426/SHIP_DVIDS_001/frame_000189.jpg,189,189,854,480,engine_room,none,synth_background,train,good,,70513da19afe65020c26ef6917b56b5e5acf0c9ecaa0bfab5783c3d6de1162c8
SHIP_DVIDS_001_85ac5c3ad8613d4b,SHIP_DVIDS_001,DVIDS,02_processed/frames/ship_like/DVIDS/20260426/SHIP_DVIDS_001/frame_000190.jpg,190,190,854,480,engine_room,none,synth_background,train,good,,d726309bda5ff73a3a6ea95f7e208e996ed7823986fbe6a232ca7d5d764e9fdb
SHIP_DVIDS_001_7b250024715b2151,SHIP_DVIDS_001,DVIDS,02_processed/frames/ship_like/DVIDS/20260426/SHIP_DVIDS_001/frame_000191.jpg,191,191,854,480,exterior_or_unknown,none,exclude,exclude,exclude,,c812d0d48b48f515952ccc1b83ea421bbf4b6cac25e8f0047ed97b541783d651
SHIP_DVIDS_001_88dedc5a9f755b9a,SHIP_DVIDS_001,DVIDS,02_processed/frames/ship_like/DVIDS/20260426/SHIP_DVIDS_001/frame_000192.jpg,192,192,854,480,exterior_or_unknown,none,exclude,exclude,exclude,,7aae641c20883b0db2a54d717d02ce3bf04f3d59d544a47da9e92f0e2e2b2e01
SHIP_DVIDS_001_d90bee78a5dc3d2a,SHIP_DVIDS_001,DVIDS,02_processed/frames/ship_like/DVIDS/20260426/SHIP_DVIDS_001/frame_000193.jpg,193,193,854,480,exterior_or_unknown,none,exclude,exclude,exclude,,c752b5ad38efac47c7fbe5a7c4df660795571ace1bc81fd1fc8ee8dbf98d53a6
SHIP_DVIDS_001_bb160049c1759e8d,SHIP_DVIDS_001,DVIDS,02_processed/frames/ship_like/DVIDS/20260426/SHIP_DVIDS_001/frame_000194.jpg,194,194,854,480,exterior_or_unknown,none,exclude,exclude,exclude,,2749e3af725fd1032c6d6934c85fdcceaa699c566f53d61535031923a583c1ed
SHIP_DVIDS_001_177e90cdb8905535,SHIP_DVIDS_001,DVIDS,02_processed/frames/ship_like/DVIDS/20260426/SHIP_DVIDS_001/frame_000195.jpg,195,195,854,480,exterior_or_unknown,none,exclude,exclude,exclude,,2187c82684a4dda49e18a6a93959b852d835aa71c1d479c805b140763331ab18
SHIP_DVIDS_001_504413c8b868d162,SHIP_DVIDS_001,DVIDS,02_processed/frames/ship_like/DVIDS/20260426/SHIP_DVIDS_001/frame_000196.jpg,196,196,854,480,exterior_or_unknown,none,exclude,exclude,exclude,,bb286b8587bb777819195cf02819ca36f723e1d6ada1ee2347a16cd6cc28f326
SHIP_DVIDS_001_7cfe90afd14c10eb,SHIP_DVIDS_001,DVIDS,02_processed/frames/ship_like/DVIDS/20260426/SHIP_DVIDS_001/frame_000197.jpg,197,197,854,480,exterior_or_unknown,none,exclude,exclude,exclude,,24b5cff1e50d9a10072a60699c68de31295153972a74d750d6290b6b75583416
SHIP_DVIDS_001_9d0dc81cd15a88d9,SHIP_DVIDS_001,DVIDS,02_processed/frames/ship_like/DVIDS/20260426/SHIP_DVIDS_001/frame_000198.jpg,198,198,854,480,exterior_or_unknown,none,exclude,exclude,exclude,,c91d5c207d0dbd67e585879c3ccb5b399df969589e7db78adf440ca30dc60123
SHIP_DVIDS_001_45332b4a066ba64a,SHIP_DVIDS_001,DVIDS,02_processed/frames/ship_like/DVIDS/20260426/SHIP_DVIDS_001/frame_000199.jpg,199,199,854,480,exterior_or_unknown,none,exclude,exclude,exclude,,c5bb7407c771af9340e2df01ab38890c636e436d8827bfd961df4c742fa36c3d
SHIP_DVIDS_001_d50df8bf0d131937,SHIP_DVIDS_001,DVIDS,02_processed/frames/ship_like/DVIDS/20260426/SHIP_DVIDS_001/frame_000200.jpg,200,200,854,480,exterior_or_unknown,none,exclude,exclude,exclude,,1ef5048ff4797e5f2645dcbd4391c2708ab2edec176ffea55a8a9f8687ce9a52
SHIP_DVIDS_001_f3b475f09a1c8604,SHIP_DVIDS_001,DVIDS,02_processed/frames/ship_like/DVIDS/20260426/SHIP_DVIDS_001/frame_000201.jpg,201,201,854,480,exterior_or_unknown,none,exclude,exclude,exclude,,e189e63fc9ea5eafd0d649188c34bc2928445b20f91d896ddefd30a3f594087e
SHIP_DVIDS_001_15dabc77c318c8a5,SHIP_DVIDS_001,DVIDS,02_processed/frames/ship_like/DVIDS/20260426/SHIP_DVIDS_001/frame_000202.jpg,202,202,854,480,exterior_or_unknown,none,exclude,exclude,exclude,,5daf62d2da97cbd10b13405fc84ef1fd60af925edf3bc33652a6f8fe39be336c
SHIP_DVIDS_001_4233433a7aa3c1a9,SHIP_DVIDS_001,DVIDS,02_processed/frames/ship_like/DVIDS/20260426/SHIP_DVIDS_001/frame_000203.jpg,203,203,854,480,exterior_or_unknown,none,exclude,exclude,exclude,,ec043c0ff98605d90d18d762ac83d6ff2296c8ce5f708dfdcbcad95d3b1b844d
SHIP_DVIDS_001_93423f28892b8ebc,SHIP_DVIDS_001,DVIDS,02_processed/frames/ship_like/DVIDS/20260426/SHIP_DVIDS_001/frame_000204.jpg,204,204,854,480,exterior_or_unknown,none,exclude,exclude,exclude,,232396bf07b0498f9e498d0a6aff392e05b792811758bca96a07240414b58754
SHIP_DVIDS_001_f040f05b845b06e2,SHIP_DVIDS_001,DVIDS,02_processed/frames/ship_like/DVIDS/20260426/SHIP_DVIDS_001/frame_000205.jpg,205,205,854,480,exterior_or_unknown,none,exclude,exclude,exclude,,accef59d6460b90b7ecec78aac7b27bd1f3d67896f950afe8e44ceb7830885fd
SHIP_DVIDS_001_9a3dd4e31640a9ee,SHIP_DVIDS_001,DVIDS,02_processed/frames/ship_like/DVIDS/20260426/SHIP_DVIDS_001/frame_000206.jpg,206,206,854,480,exterior_or_unknown,none,exclude,exclude,exclude,,accef59d6460b90b7ecec78aac7b27bd1f3d67896f950afe8e44ceb7830885fd
SHIP_DVIDS_001_48025c8eb7e0cbb7,SHIP_DVIDS_001,DVIDS,02_processed/frames/ship_like/DVIDS/20260426/SHIP_DVIDS_001/frame_000207.jpg,207,207,854,480,exterior_or_unknown,none,exclude,exclude,exclude,,2dcaa86d0ec5d032f57a952d183a44991ecbdfa52a701aa37f9ec0e5254b0eb8
SHIP_DVIDS_001_9db09aa4dc0e6309,SHIP_DVIDS_001,DVIDS,02_processed/frames/ship_like/DVIDS/20260426/SHIP_DVIDS_001/frame_000208.jpg,208,208,854,480,exterior_or_unknown,none,exclude,exclude,exclude,,e175a0d184bf23b40711f70887ec1a0bed874eea58750cb01765d072b9c0b034
SHIP_DVIDS_001_5a5e2cde55393cd7,SHIP_DVIDS_001,DVIDS,02_processed/frames/ship_like/DVIDS/20260426/SHIP_DVIDS_001/frame_000209.jpg,209,209,854,480,exterior_or_unknown,none,exclude,exclude,exclude,,b9ade2da0cd464ecb2528c03b39b4920df9f617565dfd05fa1524e6f1750e178
SHIP_DVIDS_001_1174a09c5a1c707d,SHIP_DVIDS_001,DVIDS,02_processed/frames/ship_like/DVIDS/20260426/SHIP_DVIDS_001/frame_000210.jpg,210,210,854,480,exterior_or_unknown,none,exclude,exclude,exclude,,406cfe8ca8e74642ad511a6aeda3018ccb15ab1135cb76c8966656eb6bee6f84
SHIP_DVIDS_001_004a2a48d00c057b,SHIP_DVIDS_001,DVIDS,02_processed/frames/ship_like/DVIDS/20260426/SHIP_DVIDS_001/frame_000211.jpg,211,211,854,480,exterior_or_unknown,none,exclude,exclude,exclude,,8a01eccd3c66f67d73249cb1c4d1acd89a24bff36d6e6112e6110581b1e40147
SHIP_DVIDS_001_ae55b4e5e9dde040,SHIP_DVIDS_001,DVIDS,02_processed/frames/ship_like/DVIDS/20260426/SHIP_DVIDS_001/frame_000212.jpg,212,212,854,480,exterior_or_unknown,none,exclude,exclude,exclude,,39e252c028cae0b5bf35ac6233c98a9265ee386e7a531e1eb3ccdbc08a714bb3
SHIP_DVIDS_001_1b9d80ca6ca7ed2a,SHIP_DVIDS_001,DVIDS,02_processed/frames/ship_like/DVIDS/20260426/SHIP_DVIDS_001/frame_000213.jpg,213,213,854,480,exterior_or_unknown,none,exclude,exclude,exclude,,ffd7753135550435249bac04f10553c5be0cf562206203a133426e69888ce5d4
SHIP_DVIDS_001_b4bf58fab6d36bc3,SHIP_DVIDS_001,DVIDS,02_processed/frames/ship_like/DVIDS/20260426/SHIP_DVIDS_001/frame_000214.jpg,214,214,854,480,exterior_or_unknown,none,exclude,exclude,exclude,,b116a55b21c79350dc7ccbd81fa232c617275ef0fcc0de35ff78efd4f4d0366d
SHIP_DVIDS_001_6daaead0fbdb4ba8,SHIP_DVIDS_001,DVIDS,02_processed/frames/ship_like/DVIDS/20260426/SHIP_DVIDS_001/frame_000215.jpg,215,215,854,480,exterior_or_unknown,none,exclude,exclude,exclude,,1b24bd381101f054d1877de139567099fd73ba97b9441cdcf21003006ee2d7c9
SHIP_DVIDS_002_d6908954938638e0,SHIP_DVIDS_002,DVIDS,02_processed/frames/ship_like/DVIDS/20260426/SHIP_DVIDS_002/frame_000000.jpg,0,0,854,480,exterior_or_unknown,none,exclude,exclude,exclude,,023633addddfe0bbb0056301c290b108781c3e7fae457c2eb3045ff6b9eb38ea
SHIP_DVIDS_002_ea7298e8f7ef205c,SHIP_DVIDS_002,DVIDS,02_processed/frames/ship_like/DVIDS/20260426/SHIP_DVIDS_002/frame_000001.jpg,1,1,854,480,exterior_or_unknown,none,exclude,exclude,exclude,,24b61adda898ca9ddf3ca8b4b63407e3aa9a72ba8997842615c40a10b62e0e55
SHIP_DVIDS_002_b6836788a50a7946,SHIP_DVIDS_002,DVIDS,02_processed/frames/ship_like/DVIDS/20260426/SHIP_DVIDS_002/frame_000002.jpg,2,2,854,480,exterior_or_unknown,none,exclude,exclude,exclude,,9a887090b05258db8d2323a49f517ddfebaef3f4373d6d5381c1a4e969fcfee0
SHIP_DVIDS_002_b03dab537d5b6671,SHIP_DVIDS_002,DVIDS,02_processed/frames/ship_like/DVIDS/20260426/SHIP_DVIDS_002/frame_000003.jpg,3,3,854,480,exterior_or_unknown,none,exclude,exclude,exclude,,e30fdad68f78336eab38ebcb83b1d71c458158e85aac63d231f99cfcbea4c051
SHIP_DVIDS_002_54513060b9569632,SHIP_DVIDS_002,DVIDS,02_processed/frames/ship_like/DVIDS/20260426/SHIP_DVIDS_002/frame_000004.jpg,4,4,854,480,exterior_or_unknown,none,exclude,exclude,exclude,,75708a755db6beca31e0fd2d882bad040d36259686d5b759c6e1991feaa9824a
SHIP_DVIDS_002_498f7b6f2cf2c4a8,SHIP_DVIDS_002,DVIDS,02_processed/frames/ship_like/DVIDS/20260426/SHIP_DVIDS_002/frame_000005.jpg,5,5,854,480,exterior_or_unknown,none,exclude,exclude,exclude,,921e0798cb9c20bc0eba1b7284af39a9fc3b31288a9f2a2e13ed2c74d0e2c96b
SHIP_DVIDS_002_52de08e2e9ecfd44,SHIP_DVIDS_002,DVIDS,02_processed/frames/ship_like/DVIDS/20260426/SHIP_DVIDS_002/frame_000006.jpg,6,6,854,480,exterior_or_unknown,none,exclude,exclude,exclude,,c91ac4695a6bbc30e44d83edeeb212b256366794dc351a57931a7d7468b00c64
SHIP_DVIDS_002_e63ec63798f1e9a6,SHIP_DVIDS_002,DVIDS,02_processed/frames/ship_like/DVIDS/20260426/SHIP_DVIDS_002/frame_000007.jpg,7,7,854,480,exterior_or_unknown,none,exclude,exclude,exclude,,31f0e6bcc85692d7cbf8194608595f0302e2e0f1acc2831657dd56db6fc07efc
SHIP_DVIDS_002_e70ec3cc8e4777b0,SHIP_DVIDS_002,DVIDS,02_processed/frames/ship_like/DVIDS/20260426/SHIP_DVIDS_002/frame_000008.jpg,8,8,854,480,exterior_or_unknown,none,exclude,exclude,exclude,,33a1a6543d0951769154660c91a1c8fdc001938f49ebb89702084ddbfa2a9cf9
SHIP_DVIDS_002_2d0ec58451b14f63,SHIP_DVIDS_002,DVIDS,02_processed/frames/ship_like/DVIDS/20260426/SHIP_DVIDS_002/frame_000009.jpg,9,9,854,480,exterior_or_unknown,none,exclude,exclude,exclude,,695e0c394c6d4c4432e5c50ccbfc17c6702987aa09bb39ed716c9c336418cce8
SHIP_DVIDS_002_d369b2cfca761c68,SHIP_DVIDS_002,DVIDS,02_processed/frames/ship_like/DVIDS/20260426/SHIP_DVIDS_002/frame_000010.jpg,10,10,854,480,exterior_or_unknown,none,exclude,exclude,exclude,,8237c0302bdbcc2ae281146715abff6c54d3424aadb5d4a6dd0c360c4e4c9db3
SHIP_DVIDS_002_641b90ad88c159de,SHIP_DVIDS_002,DVIDS,02_processed/frames/ship_like/DVIDS/20260426/SHIP_DVIDS_002/frame_000011.jpg,11,11,854,480,exterior_or_unknown,none,exclude,exclude,exclude,,1db308f8622a5174d31f28f3f30a37abca7b9d4ba7436edd991b460f0044abdb
SHIP_DVIDS_002_6f79b2f70bd713c8,SHIP_DVIDS_002,DVIDS,02_processed/frames/ship_like/DVIDS/20260426/SHIP_DVIDS_002/frame_000012.jpg,12,12,854,480,exterior_or_unknown,none,exclude,exclude,exclude,,4ea5a9acd3f70328c078acf53352c8343341d822515f191b37d9a54a266c72ca
SHIP_DVIDS_002_b08656c0e6d8a76f,SHIP_DVIDS_002,DVIDS,02_processed/frames/ship_like/DVIDS/20260426/SHIP_DVIDS_002/frame_000013.jpg,13,13,854,480,exterior_or_unknown,none,exclude,exclude,exclude,,a07a6a27abb08e89725b13f7d5fc70f7d7db43807295798b96af9fec709fc90d
SHIP_DVIDS_002_4640a8952ef3c083,SHIP_DVIDS_002,DVIDS,02_processed/frames/ship_like/DVIDS/20260426/SHIP_DVIDS_002/frame_000014.jpg,14,14,854,480,exterior_or_unknown,none,exclude,exclude,exclude,,ffa34c924d66561e0aaa7b9d760677320ce0d84734ddac2132d573d7f17b4e23
SHIP_DVIDS_002_e391693db7b55b50,SHIP_DVIDS_002,DVIDS,02_processed/frames/ship_like/DVIDS/20260426/SHIP_DVIDS_002/frame_000015.jpg,15,15,854,480,exterior_or_unknown,none,exclude,exclude,exclude,,f16eed22d5abaf5525d3c38846a7fe8660f6a5c0bd538bcbce8575f1191274d8
SHIP_DVIDS_002_203de9c77d3a3b0f,SHIP_DVIDS_002,DVIDS,02_processed/frames/ship_like/DVIDS/20260426/SHIP_DVIDS_002/frame_000016.jpg,16,16,854,480,exterior_or_unknown,none,exclude,exclude,exclude,,00dddba48ef3d37756d516283b7de6b05aa9f4a75962d85ab4401fa2aea7153d
SHIP_DVIDS_002_15f6d4c87c83ee0d,SHIP_DVIDS_002,DVIDS,02_processed/frames/ship_like/DVIDS/20260426/SHIP_DVIDS_002/frame_000017.jpg,17,17,854,480,exterior_or_unknown,none,exclude,exclude,exclude,,4557db0c63eb345b5dc14563958a9b5d87be36ff7fd5398d7674f19745d73d8d
SHIP_DVIDS_002_94fe7ea15c93b093,SHIP_DVIDS_002,DVIDS,02_processed/frames/ship_like/DVIDS/20260426/SHIP_DVIDS_002/frame_000018.jpg,18,18,854,480,exterior_or_unknown,none,exclude,exclude,exclude,,4cd407d664bbd16c89e57a6a3cf5e6e05fee80ecbffb79dabab38ffc4cfdc860
SHIP_DVIDS_002_bc474d5cb8430bff,SHIP_DVIDS_002,DVIDS,02_processed/frames/ship_like/DVIDS/20260426/SHIP_DVIDS_002/frame_000019.jpg,19,19,854,480,exterior_or_unknown,none,exclude,exclude,exclude,,eb56623099e1feac062bb28aff578b602ef740b967e0ae21375c0e62a4ec7666
SHIP_DVIDS_002_eb4f0f03c0b31348,SHIP_DVIDS_002,DVIDS,02_processed/frames/ship_like/DVIDS/20260426/SHIP_DVIDS_002/frame_000020.jpg,20,20,854,480,exterior_or_unknown,none,exclude,exclude,exclude,,5212ce5b9ded7c6f7c4478c0b92dbb10e6cd1901bfdd72c41975d1128a88c068
SHIP_DVIDS_002_51ed5be230047f69,SHIP_DVIDS_002,DVIDS,02_processed/frames/ship_like/DVIDS/20260426/SHIP_DVIDS_002/frame_000021.jpg,21,21,854,480,exterior_or_unknown,none,exclude,exclude,exclude,,e682ef711630aa485cc57c321ee7296de33808299a45da1d085581afb478c00c
SHIP_DVIDS_002_36fa9ed7e458e0ac,SHIP_DVIDS_002,DVIDS,02_processed/frames/ship_like/DVIDS/20260426/SHIP_DVIDS_002/frame_000022.jpg,22,22,854,480,exterior_or_unknown,none,exclude,exclude,exclude,,53b7dca45cd6ead379aef933fa97fdf8c097c36a3a1989213485c441022663a6
SHIP_DVIDS_002_b0fef913bef9fa47,SHIP_DVIDS_002,DVIDS,02_processed/frames/ship_like/DVIDS/20260426/SHIP_DVIDS_002/frame_000023.jpg,23,23,854,480,exterior_or_unknown,none,exclude,exclude,exclude,,bde40e3544249bf552c051d7acb29356814ed211f5e9977f66d869fa451ac37b
SHIP_DVIDS_002_9c894cce6c073611,SHIP_DVIDS_002,DVIDS,02_processed/frames/ship_like/DVIDS/20260426/SHIP_DVIDS_002/frame_000024.jpg,24,24,854,480,exterior_or_unknown,none,exclude,exclude,exclude,,9a1d55e6ed81b32a17b36b4a312db6f2cff5b17959cfa0c24e79ee93e6ac3303
SHIP_DVIDS_002_693ec42fb4d87a8e,SHIP_DVIDS_002,DVIDS,02_processed/frames/ship_like/DVIDS/20260426/SHIP_DVIDS_002/frame_000025.jpg,25,25,854,480,exterior_or_unknown,none,exclude,exclude,exclude,,63ab6e180fbe8ba6e688a8c6aa7518a7d3894582988818fdc92d011f70bf0ed9
SHIP_DVIDS_002_839a143965645bf2,SHIP_DVIDS_002,DVIDS,02_processed/frames/ship_like/DVIDS/20260426/SHIP_DVIDS_002/frame_000026.jpg,26,26,854,480,exterior_or_unknown,none,exclude,exclude,exclude,,6ee719c04408bfac9e34be34e61d104e733dd4aa9d6dae66ee2d6d75e8c84287
SHIP_DVIDS_002_2db51c089b298674,SHIP_DVIDS_002,DVIDS,02_processed/frames/ship_like/DVIDS/20260426/SHIP_DVIDS_002/frame_000027.jpg,27,27,854,480,exterior_or_unknown,none,exclude,exclude,exclude,,94f0a8a177e2459dc10f9907657071bb252ee47e2242afc9962cebab22aa3087
SHIP_DVIDS_002_d12450bb6bc9da4b,SHIP_DVIDS_002,DVIDS,02_processed/frames/ship_like/DVIDS/20260426/SHIP_DVIDS_002/frame_000028.jpg,28,28,854,480,exterior_or_unknown,none,exclude,exclude,exclude,,25f601dbfabc916732dd2cc96e7b68521f7b53daceaf6fb90a101e39a34e6d3e
SHIP_DVIDS_002_1a5b13d78fe0bccf,SHIP_DVIDS_002,DVIDS,02_processed/frames/ship_like/DVIDS/20260426/SHIP_DVIDS_002/frame_000029.jpg,29,29,854,480,exterior_or_unknown,none,exclude,exclude,exclude,,4d3b01904b403a95857cb0452392512b3e1d183bea2162e6ff01265bcdfc411d
SHIP_DVIDS_002_9345be947d6e8222,SHIP_DVIDS_002,DVIDS,02_processed/frames/ship_like/DVIDS/20260426/SHIP_DVIDS_002/frame_000030.jpg,30,30,854,480,exterior_or_unknown,none,exclude,exclude,exclude,,7896ffb2ce2f6f7af086550357f86092099aeafd954e271be9fe49bc766cbce6
SHIP_DVIDS_002_6bef2907fe2b760f,SHIP_DVIDS_002,DVIDS,02_processed/frames/ship_like/DVIDS/20260426/SHIP_DVIDS_002/frame_000031.jpg,31,31,854,480,exterior_or_unknown,none,exclude,exclude,exclude,,80e6297ded5205cb3652015e2ad76abbebff7906b4f02840bc08093b8c0d2625
SHIP_DVIDS_002_4fc7e0d1d111e9dd,SHIP_DVIDS_002,DVIDS,02_processed/frames/ship_like/DVIDS/20260426/SHIP_DVIDS_002/frame_000032.jpg,32,32,854,480,exterior_or_unknown,none,exclude,exclude,exclude,,d0139cfbcc46155c62987f53b303255123d25b1610fffdb99ab64caf13bc3d9b
SHIP_DVIDS_002_9a4e55d5aeb1b2c8,SHIP_DVIDS_002,DVIDS,02_processed/frames/ship_like/DVIDS/20260426/SHIP_DVIDS_002/frame_000033.jpg,33,33,854,480,exterior_or_unknown,none,exclude,exclude,exclude,,cd728fc6cbd59f0d3e33d83f4d2883708101407f36a234c9288f1d271342692b
SHIP_DVIDS_002_bb3ea8cc15c87f26,SHIP_DVIDS_002,DVIDS,02_processed/frames/ship_like/DVIDS/20260426/SHIP_DVIDS_002/frame_000034.jpg,34,34,854,480,exterior_or_unknown,none,exclude,exclude,exclude,,ace74b67027c31630c936d3184fc615f0101442ad8518dc93593f78a9a29e679
SHIP_DVIDS_002_f73f30f246a51b09,SHIP_DVIDS_002,DVIDS,02_processed/frames/ship_like/DVIDS/20260426/SHIP_DVIDS_002/frame_000035.jpg,35,35,854,480,exterior_or_unknown,none,exclude,exclude,exclude,,c2fae13677f3b2607fca8fab697b8c1ac21af27a3ce3a13fef4a6b6951a8d634
SHIP_DVIDS_002_c90e2ad85adfd720,SHIP_DVIDS_002,DVIDS,02_processed/frames/ship_like/DVIDS/20260426/SHIP_DVIDS_002/frame_000036.jpg,36,36,854,480,exterior_or_unknown,none,exclude,exclude,exclude,,4d612e1d80cf2e3decd0a037fe3bc3d8eb33618ca3344aa77b4ac7e4c170dbe3
SHIP_DVIDS_002_f7164254a6a0eccb,SHIP_DVIDS_002,DVIDS,02_processed/frames/ship_like/DVIDS/20260426/SHIP_DVIDS_002/frame_000037.jpg,37,37,854,480,exterior_or_unknown,none,exclude,exclude,exclude,,c846e1679eaf965111e010483fb1d06b1d89c93544760574f29d437f17523148
SHIP_DVIDS_002_02123cc083c18197,SHIP_DVIDS_002,DVIDS,02_processed/frames/ship_like/DVIDS/20260426/SHIP_DVIDS_002/frame_000038.jpg,38,38,854,480,exterior_or_unknown,none,exclude,exclude,exclude,,0a7ef74e8b88ab2eeded03c3e148348fe3871f070692422901e4387d0b65a23b
SHIP_DVIDS_002_423aadaf1743e066,SHIP_DVIDS_002,DVIDS,02_processed/frames/ship_like/DVIDS/20260426/SHIP_DVIDS_002/frame_000039.jpg,39,39,854,480,exterior_or_unknown,none,exclude,exclude,exclude,,bb46a269b1e8fcdf023ef7a92af2f9f44641129cced3e6d840b8b5367da3b85d
SHIP_DVIDS_002_7e85068a5481c770,SHIP_DVIDS_002,DVIDS,02_processed/frames/ship_like/DVIDS/20260426/SHIP_DVIDS_002/frame_000040.jpg,40,40,854,480,exterior_or_unknown,none,exclude,exclude,exclude,,2a1892a91d9bf96925d7490abdca6d39c44fe4e659618d6bb731f61d9c129d4e
SHIP_DVIDS_002_883268aaba016fe6,SHIP_DVIDS_002,DVIDS,02_processed/frames/ship_like/DVIDS/20260426/SHIP_DVIDS_002/frame_000041.jpg,41,41,854,480,exterior_or_unknown,none,exclude,exclude,exclude,,a69e42f884e36b4581492e6ed73e955021728a3a31a8d9c766b2e62fb441105a
SHIP_DVIDS_002_b7511db0c4674396,SHIP_DVIDS_002,DVIDS,02_processed/frames/ship_like/DVIDS/20260426/SHIP_DVIDS_002/frame_000042.jpg,42,42,854,480,exterior_or_unknown,none,exclude,exclude,exclude,,a0aeb01fce9718cccd674afacfaf86ecb3b787523de220deac68f96cbbeaf4b9
SHIP_DVIDS_002_8e68d7e2c3bdf89f,SHIP_DVIDS_002,DVIDS,02_processed/frames/ship_like/DVIDS/20260426/SHIP_DVIDS_002/frame_000043.jpg,43,43,854,480,exterior_or_unknown,none,exclude,exclude,exclude,,37b76907b8917f558a70e3ff94c593c43c8a17bbe0e71148989fc39c82593146
SHIP_DVIDS_002_501ba17e0b32fea0,SHIP_DVIDS_002,DVIDS,02_processed/frames/ship_like/DVIDS/20260426/SHIP_DVIDS_002/frame_000044.jpg,44,44,854,480,exterior_or_unknown,none,exclude,exclude,exclude,,c6c9d6141ca84c643d8a5dee9b5695e511551b3e62ca1564dd90e3933887a598
SHIP_DVIDS_002_473aadefff6aef87,SHIP_DVIDS_002,DVIDS,02_processed/frames/ship_like/DVIDS/20260426/SHIP_DVIDS_002/frame_000045.jpg,45,45,854,480,exterior_or_unknown,none,exclude,exclude,exclude,,7d1b3bb8fc754690513b5c5308119984bfb4c5f30376e03130464945eaedf162
SHIP_DVIDS_002_03979ab13fa74c97,SHIP_DVIDS_002,DVIDS,02_processed/frames/ship_like/DVIDS/20260426/SHIP_DVIDS_002/frame_000046.jpg,46,46,854,480,exterior_or_unknown,none,exclude,exclude,exclude,,ed7b64f9ca2c91dc8c4741a1cf87d674021d7fc0b5210398da3c6af248e4ef28
SHIP_DVIDS_002_0201c189dbe1a966,SHIP_DVIDS_002,DVIDS,02_processed/frames/ship_like/DVIDS/20260426/SHIP_DVIDS_002/frame_000047.jpg,47,47,854,480,exterior_or_unknown,none,exclude,exclude,exclude,,0f38a5d9f0e34c52886e3b6811eb8aeccb4ec0c1e372ed69f98efe202a647960
SHIP_DVIDS_002_8a0fb99a20d20857,SHIP_DVIDS_002,DVIDS,02_processed/frames/ship_like/DVIDS/20260426/SHIP_DVIDS_002/frame_000048.jpg,48,48,854,480,exterior_or_unknown,none,exclude,exclude,exclude,,e8d7741fd37ff43fc73889f7c8bd2f17e2852fa4b5ae2dc3c7da10000d23a5f2
SHIP_DVIDS_002_39698c9dfc62f1a2,SHIP_DVIDS_002,DVIDS,02_processed/frames/ship_like/DVIDS/20260426/SHIP_DVIDS_002/frame_000049.jpg,49,49,854,480,exterior_or_unknown,none,exclude,exclude,exclude,,ca52fcf56aea37dfe2a0b74bce21f2e371bb01c8590c33fff59a9a1e73316a3e
SHIP_DVIDS_002_ed5d881f0da3216d,SHIP_DVIDS_002,DVIDS,02_processed/frames/ship_like/DVIDS/20260426/SHIP_DVIDS_002/frame_000050.jpg,50,50,854,480,exterior_or_unknown,none,exclude,exclude,exclude,,f5703338f322fc33e688bfa35328e19f2fce6fb551af812c6b5cd8fcc50f125f
SHIP_DVIDS_002_206338968f982aeb,SHIP_DVIDS_002,DVIDS,02_processed/frames/ship_like/DVIDS/20260426/SHIP_DVIDS_002/frame_000051.jpg,51,51,854,480,exterior_or_unknown,none,exclude,exclude,exclude,,8969f3ddb5822a49d2ade22c5ca5e152998d7166e4f73cd7a4c4f52523574c45
SHIP_DVIDS_002_af593afe4737fe35,SHIP_DVIDS_002,DVIDS,02_processed/frames/ship_like/DVIDS/20260426/SHIP_DVIDS_002/frame_000052.jpg,52,52,854,480,exterior_or_unknown,none,exclude,exclude,exclude,,a4286ab3ba23a8a199d306c7327fecb575d46a979c0a2c9a41841155958bfa5a
SHIP_DVIDS_002_ba53adc9d4cdb03e,SHIP_DVIDS_002,DVIDS,02_processed/frames/ship_like/DVIDS/20260426/SHIP_DVIDS_002/frame_000053.jpg,53,53,854,480,exterior_or_unknown,none,exclude,exclude,exclude,,3b459bd7484cc0129158db39e2f5d8e5b8e0ab33c986c912310df08d529dff57
SHIP_DVIDS_002_e34cda5a740a29d4,SHIP_DVIDS_002,DVIDS,02_processed/frames/ship_like/DVIDS/20260426/SHIP_DVIDS_002/frame_000054.jpg,54,54,854,480,exterior_or_unknown,none,exclude,exclude,exclude,,b89a22b058f8698b3aeed281098d8f902703c6f7340e6f7a40dca795f080efe3
SHIP_DVIDS_002_d6e0fcc46684b710,SHIP_DVIDS_002,DVIDS,02_processed/frames/ship_like/DVIDS/20260426/SHIP_DVIDS_002/frame_000055.jpg,55,55,854,480,exterior_or_unknown,none,exclude,exclude,exclude,,c086f55481ce9fac257377ff660b77eff069333c75f4472b34dc5e0bd68189ab
SHIP_DVIDS_002_c7c093d3afec1fb7,SHIP_DVIDS_002,DVIDS,02_processed/frames/ship_like/DVIDS/20260426/SHIP_DVIDS_002/frame_000056.jpg,56,56,854,480,exterior_or_unknown,none,exclude,exclude,exclude,,75b28a8506435e17d7d05e9a841b3ba6de6ccfc29be7d8b52b64dc6d6adf7bf3
SHIP_DVIDS_002_32e6e7cde4f3e00e,SHIP_DVIDS_002,DVIDS,02_processed/frames/ship_like/DVIDS/20260426/SHIP_DVIDS_002/frame_000057.jpg,57,57,854,480,exterior_or_unknown,none,exclude,exclude,exclude,,9a9eaefd7e793a3c8c8f0b2e15226ce197701ff22a2b3b82602af5aed9325bba
SHIP_DVIDS_002_c81a7dc89b17c5cb,SHIP_DVIDS_002,DVIDS,02_processed/frames/ship_like/DVIDS/20260426/SHIP_DVIDS_002/frame_000058.jpg,58,58,854,480,exterior_or_unknown,none,exclude,exclude,exclude,,fe93cd0af49f89739e83ea511d15dea583e9fca6ec2ec2c0c8ceea0f34added9
SHIP_DVIDS_002_684d97fb571f30cb,SHIP_DVIDS_002,DVIDS,02_processed/frames/ship_like/DVIDS/20260426/SHIP_DVIDS_002/frame_000059.jpg,59,59,854,480,deck,none,synth_background,train,good,,9cb62454bf8f080fe7df40c04310ef0c0c0c6514f992ca38485e5a68cf0ef916
SHIP_DVIDS_002_cfd61f199e8bd8be,SHIP_DVIDS_002,DVIDS,02_processed/frames/ship_like/DVIDS/20260426/SHIP_DVIDS_002/frame_000060.jpg,60,60,854,480,deck,none,synth_background,train,good,,068df490bdee5b2ffc4944d86e153cba5c08e33b9a5021c9e8eaf106e6fcff16
SHIP_DVIDS_002_0b30d8235a7207ff,SHIP_DVIDS_002,DVIDS,02_processed/frames/ship_like/DVIDS/20260426/SHIP_DVIDS_002/frame_000061.jpg,61,61,854,480,control_room,none,synth_background,train,good,,f09f03640b05c7cf606817aa6327c40734d87579f7dccc86a9811cff0cda2aad
SHIP_DVIDS_002_646d00c35aceddfb,SHIP_DVIDS_002,DVIDS,02_processed/frames/ship_like/DVIDS/20260426/SHIP_DVIDS_002/frame_000062.jpg,62,62,854,480,control_room,none,synth_background,train,good,,726e19c5fbeb8f91dd87a4fdeb081f5b5cf69b9ebf80e39a044f1ae031eacf54
SHIP_DVIDS_002_df475ce8fba0d88a,SHIP_DVIDS_002,DVIDS,02_processed/frames/ship_like/DVIDS/20260426/SHIP_DVIDS_002/frame_000063.jpg,63,63,854,480,control_room,none,synth_background,train,good,,38ab26b54dfb2846b15fe84faf454de67cb9e8610c2ae182a515b6fb6aa19481
SHIP_DVIDS_002_f41a50df673b27f6,SHIP_DVIDS_002,DVIDS,02_processed/frames/ship_like/DVIDS/20260426/SHIP_DVIDS_002/frame_000064.jpg,64,64,854,480,control_room,none,synth_background,train,good,,6a1e808977370a568cf9fb57c626234c65e197eea0859f9fed587593cc9b79f8
SHIP_DVIDS_002_0fc04f50c71d1fba,SHIP_DVIDS_002,DVIDS,02_processed/frames/ship_like/DVIDS/20260426/SHIP_DVIDS_002/frame_000065.jpg,65,65,854,480,control_room,none,synth_background,train,good,,3608f172429390ff5813810741bebc865798c842a5f1fd2a5b06dec73caecdbe
SHIP_DVIDS_002_b036819be1b08920,SHIP_DVIDS_002,DVIDS,02_processed/frames/ship_like/DVIDS/20260426/SHIP_DVIDS_002/frame_000066.jpg,66,66,854,480,control_room,none,synth_background,train,good,,0af784913bcafa588f6d1ea9ddc88c8e16d6593fed8b745f7b13c898adedc6a9
SHIP_DVIDS_002_a6c222f48a7927cf,SHIP_DVIDS_002,DVIDS,02_processed/frames/ship_like/DVIDS/20260426/SHIP_DVIDS_002/frame_000067.jpg,67,67,854,480,control_room,none,synth_background,train,good,,e260ab8c3d357c19d0f02e9b2c7d2f499c6e10a49c41e43f5b0ab2cd400ff9c5
SHIP_DVIDS_002_a982a1d7199c5412,SHIP_DVIDS_002,DVIDS,02_processed/frames/ship_like/DVIDS/20260426/SHIP_DVIDS_002/frame_000068.jpg,68,68,854,480,control_room,none,synth_background,train,good,,fbaf7145dfa4d3e9d12a282d69470dffa1b3eec68d086641c82ce791085d2b99
SHIP_DVIDS_002_b871203f1dcaa344,SHIP_DVIDS_002,DVIDS,02_processed/frames/ship_like/DVIDS/20260426/SHIP_DVIDS_002/frame_000069.jpg,69,69,854,480,control_room,none,synth_background,train,good,,9d4eff78c4ad5063dc9d3541c84448333cd7c1d37b9bcea0c17307f231e37fd8
SHIP_DVIDS_002_b210adfba5fb64f9,SHIP_DVIDS_002,DVIDS,02_processed/frames/ship_like/DVIDS/20260426/SHIP_DVIDS_002/frame_000070.jpg,70,70,854,480,control_room,none,synth_background,train,good,,ee670f217724950eb009efe037835fdf8ce0001c22da374189c47a8b3b80ee8f
SHIP_DVIDS_002_2a9f2c4088507433,SHIP_DVIDS_002,DVIDS,02_processed/frames/ship_like/DVIDS/20260426/SHIP_DVIDS_002/frame_000071.jpg,71,71,854,480,control_room,none,synth_background,train,good,,7c05c458484b5d9170f3aaff9a2b988eeaae58600ac5eb44780db09efe8d07da
SHIP_DVIDS_002_fe94eb7147c90c69,SHIP_DVIDS_002,DVIDS,02_processed/frames/ship_like/DVIDS/20260426/SHIP_DVIDS_002/frame_000072.jpg,72,72,854,480,control_room,none,synth_background,train,good,,c0eacedacfa931caab371f3f3b55ebc74909b7a74e9ae45c91f1d97c2a39e842
SHIP_DVIDS_002_3bfdc471bbfcba6d,SHIP_DVIDS_002,DVIDS,02_processed/frames/ship_like/DVIDS/20260426/SHIP_DVIDS_002/frame_000073.jpg,73,73,854,480,control_room,none,synth_background,train,good,,1fa13711c641584ed5cc1c8f63519fc8c89dc28cbcf06d42206ad4d01747f8a5
SHIP_DVIDS_002_9fd71280604f0ea6,SHIP_DVIDS_002,DVIDS,02_processed/frames/ship_like/DVIDS/20260426/SHIP_DVIDS_002/frame_000074.jpg,74,74,854,480,control_room,none,synth_background,train,good,,e0d467d5baa616e975c4fffc97228f1d5a0c01d961225208b1709135f4fee334
SHIP_DVIDS_002_83956c47b23bbe1b,SHIP_DVIDS_002,DVIDS,02_processed/frames/ship_like/DVIDS/20260426/SHIP_DVIDS_002/frame_000075.jpg,75,75,854,480,control_room,none,synth_background,train,good,,0fa62a238ae9a2edc7ebef9f7ed8a3a0e10474aa5fa5f8a0f54cd71a6bc1bfe5
SHIP_DVIDS_002_b7dfcd1fb66cb6a6,SHIP_DVIDS_002,DVIDS,02_processed/frames/ship_like/DVIDS/20260426/SHIP_DVIDS_002/frame_000076.jpg,76,76,854,480,control_room,none,exclude,exclude,exclude,,443d13d60d9b3836fc292937553a0338268961bec58390b0a61e3cae08d2b512
SHIP_DVIDS_002_1267b1c4812285aa,SHIP_DVIDS_002,DVIDS,02_processed/frames/ship_like/DVIDS/20260426/SHIP_DVIDS_002/frame_000077.jpg,77,77,854,480,control_room,none,exclude,exclude,exclude,,1dab8daf5704a48ea9fdefa62d2ff688225546a6ca25e44095f69e99219d78c3
SHIP_DVIDS_002_41a42775018d57c3,SHIP_DVIDS_002,DVIDS,02_processed/frames/ship_like/DVIDS/20260426/SHIP_DVIDS_002/frame_000078.jpg,78,78,854,480,control_room,none,exclude,exclude,exclude,,62fa6bc0d7ce83d48e1a25cc44e22631a8068c3fbeeeccb53d26c52c48df768d
SHIP_DVIDS_002_8d29d1f661f6ce8b,SHIP_DVIDS_002,DVIDS,02_processed/frames/ship_like/DVIDS/20260426/SHIP_DVIDS_002/frame_000079.jpg,79,79,854,480,exterior_or_unknown,none,exclude,exclude,exclude,,9d3bcfacead0bfc849b63db64577f32d861d17f86af4d41709356523c9443b2e
SHIP_DVIDS_002_a8667e4a1172383f,SHIP_DVIDS_002,DVIDS,02_processed/frames/ship_like/DVIDS/20260426/SHIP_DVIDS_002/frame_000080.jpg,80,80,854,480,exterior_or_unknown,none,exclude,exclude,exclude,,62ab287208d1a9838c348f81ae0d1a24aa202af9892dfdd2829dfe94e0a3bb0f
SHIP_DVIDS_002_1f13bb92c6672453,SHIP_DVIDS_002,DVIDS,02_processed/frames/ship_like/DVIDS/20260426/SHIP_DVIDS_002/frame_000081.jpg,81,81,854,480,control_room,none,synth_background,train,good,,1033b5a8f8e33ae8f4811925f3abbafdfe4bf8dca7c0ddd9c602c4e8d05ad202
SHIP_DVIDS_002_912cf51a914297bf,SHIP_DVIDS_002,DVIDS,02_processed/frames/ship_like/DVIDS/20260426/SHIP_DVIDS_002/frame_000082.jpg,82,82,854,480,control_room,none,synth_background,train,good,,1b15eac554f192af5f4308db2857546dad42622317c85b173c2f9c2d3cee6d0c
SHIP_DVIDS_002_61348caf95e1211f,SHIP_DVIDS_002,DVIDS,02_processed/frames/ship_like/DVIDS/20260426/SHIP_DVIDS_002/frame_000083.jpg,83,83,854,480,control_room,none,synth_background,train,good,,9a0dfa67175cea7145f65328c48014d7801c3ea0177c366348d9cf6dc6dfe485
SHIP_DVIDS_002_1423052a139c7400,SHIP_DVIDS_002,DVIDS,02_processed/frames/ship_like/DVIDS/20260426/SHIP_DVIDS_002/frame_000084.jpg,84,84,854,480,control_room,none,synth_background,train,good,,eced7ebf463b3578dafb4d31cf808ae45faf8d5db9e8e68cf11d55fbf5dbab38
SHIP_DVIDS_002_5260dc78f7fe6a48,SHIP_DVIDS_002,DVIDS,02_processed/frames/ship_like/DVIDS/20260426/SHIP_DVIDS_002/frame_000085.jpg,85,85,854,480,control_room,none,synth_background,train,good,,20510762c017c0ccfa146845363b1191559fa2b07dbcea9ec59d07b62d8af5f6
SHIP_DVIDS_002_50426f8c70b51fe8,SHIP_DVIDS_002,DVIDS,02_processed/frames/ship_like/DVIDS/20260426/SHIP_DVIDS_002/frame_000086.jpg,86,86,854,480,control_room,none,synth_background,train,good,,bab9c70c51d9c65be37e34a541876d94f0b8962103de665764606bc25c0c90fa
SHIP_DVIDS_002_67f12250dfa74c97,SHIP_DVIDS_002,DVIDS,02_processed/frames/ship_like/DVIDS/20260426/SHIP_DVIDS_002/frame_000087.jpg,87,87,854,480,control_room,none,synth_background,train,good,,6513f3d387ede47804048fe66a4f906443b5a0761f7760d2db8d5393334ae01b
SHIP_DVIDS_002_05edbbdb51886337,SHIP_DVIDS_002,DVIDS,02_processed/frames/ship_like/DVIDS/20260426/SHIP_DVIDS_002/frame_000088.jpg,88,88,854,480,control_room,none,synth_background,train,good,,94d5305cfef53aedeb2d48929f639ade09147cd00f51468dbe61fa58ebd1b103
SHIP_DVIDS_002_728e87c830b0f1d4,SHIP_DVIDS_002,DVIDS,02_processed/frames/ship_like/DVIDS/20260426/SHIP_DVIDS_002/frame_000089.jpg,89,89,854,480,exterior_or_unknown,none,exclude,exclude,exclude,,8b5073241d809bcacb07866358a99a0956af08a299e9dacf38bef75718da522d
SHIP_DVIDS_002_6ca498792328dee1,SHIP_DVIDS_002,DVIDS,02_processed/frames/ship_like/DVIDS/20260426/SHIP_DVIDS_002/frame_000090.jpg,90,90,854,480,exterior_or_unknown,none,exclude,exclude,exclude,,64f6dedb0ef2dff71c73a846d9bda5485b3e64b737abec726ae6c972d13a9b55
SHIP_DVIDS_002_4dc67a6f41afbbd9,SHIP_DVIDS_002,DVIDS,02_processed/frames/ship_like/DVIDS/20260426/SHIP_DVIDS_002/frame_000091.jpg,91,91,854,480,exterior_or_unknown,none,exclude,exclude,exclude,,f1cdfa0c7bd4140e6ec5c0178213cdbe98aa10a2b9fc5e36c626c3ff8216411f
SHIP_DVIDS_002_8cab8d8288d38007,SHIP_DVIDS_002,DVIDS,02_processed/frames/ship_like/DVIDS/20260426/SHIP_DVIDS_002/frame_000092.jpg,92,92,854,480,exterior_or_unknown,none,exclude,exclude,exclude,,368d2356a7c14bad9355cde615badde3e19f395775fd170b98a3d13fb3169546
SHIP_DVIDS_002_ba2ab4e8d881a095,SHIP_DVIDS_002,DVIDS,02_processed/frames/ship_like/DVIDS/20260426/SHIP_DVIDS_002/frame_000093.jpg,93,93,854,480,exterior_or_unknown,none,exclude,exclude,exclude,,7a4a3cc099330d7153fa9773368246be9a9270dec3874dd416d3639eb154f4f4
SHIP_DVIDS_002_2bddb98f1b16e1d9,SHIP_DVIDS_002,DVIDS,02_processed/frames/ship_like/DVIDS/20260426/SHIP_DVIDS_002/frame_000094.jpg,94,94,854,480,exterior_or_unknown,none,exclude,exclude,exclude,,ced2f7336d58ca3f6ff4758c3cc5fb32910a6d53674a2ae088dcfb9cb956a8ff
SHIP_DVIDS_002_8eecdbc672b87419,SHIP_DVIDS_002,DVIDS,02_processed/frames/ship_like/DVIDS/20260426/SHIP_DVIDS_002/frame_000095.jpg,95,95,854,480,exterior_or_unknown,none,exclude,exclude,exclude,,bc11c462005426f59ffe61f4104ce294ca89faf071ea6d05f6f546111f89c296
SHIP_DVIDS_002_16a8fa6ea193d844,SHIP_DVIDS_002,DVIDS,02_processed/frames/ship_like/DVIDS/20260426/SHIP_DVIDS_002/frame_000096.jpg,96,96,854,480,exterior_or_unknown,none,exclude,exclude,exclude,,d73c7b8999df1aa1c6a7cce6463aabca387510013c04125603c0c9c617140fa0
SHIP_DVIDS_002_c0f964195d022979,SHIP_DVIDS_002,DVIDS,02_processed/frames/ship_like/DVIDS/20260426/SHIP_DVIDS_002/frame_000097.jpg,97,97,854,480,control_room,none,synth_background,train,good,with_human,fb87ec0d74f21e654362f17b636948953059ec92ab460029c8bf7663f0604276
SHIP_DVIDS_002_0aeb4fecad5d3c34,SHIP_DVIDS_002,DVIDS,02_processed/frames/ship_like/DVIDS/20260426/SHIP_DVIDS_002/frame_000098.jpg,98,98,854,480,control_room,none,synth_background,train,good,with_human,cc88637128ba18187909d256189b2cde5da088179717b6104432c35c70828f5a
SHIP_DVIDS_002_2de24f4ed86b77bc,SHIP_DVIDS_002,DVIDS,02_processed/frames/ship_like/DVIDS/20260426/SHIP_DVIDS_002/frame_000099.jpg,99,99,854,480,control_room,none,synth_background,train,good,with_human,2da4a88c5fa44e414e8b2f1c7728d84a354250938718429f79890c27ca6095a4
SHIP_DVIDS_002_4a1df7ea23e7ba93,SHIP_DVIDS_002,DVIDS,02_processed/frames/ship_like/DVIDS/20260426/SHIP_DVIDS_002/frame_000100.jpg,100,100,854,480,control_room,none,synth_background,train,good,with_human,5c9c287e4cce4e6868a040d4e0ef4f5afc6f014064aea10aae56fb4b4d5f3978
SHIP_DVIDS_002_27135e0710919d9b,SHIP_DVIDS_002,DVIDS,02_processed/frames/ship_like/DVIDS/20260426/SHIP_DVIDS_002/frame_000101.jpg,101,101,854,480,exterior_or_unknown,none,exclude,exclude,exclude,,ee6a3fe0f0a4070540ebcde02709557084a5137c9b2f4d20ec720e556ec45898
SHIP_DVIDS_002_1e0dff2b7f697f76,SHIP_DVIDS_002,DVIDS,02_processed/frames/ship_like/DVIDS/20260426/SHIP_DVIDS_002/frame_000102.jpg,102,102,854,480,exterior_or_unknown,none,exclude,exclude,exclude,,08a8fd5c81994dde699d1591ca423cb9bd0b5fcdc32c2e9372a49dd58f8fce49
SHIP_DVIDS_002_f5d2e540d0e9607d,SHIP_DVIDS_002,DVIDS,02_processed/frames/ship_like/DVIDS/20260426/SHIP_DVIDS_002/frame_000103.jpg,103,103,854,480,exterior_or_unknown,none,exclude,exclude,exclude,,83a2a0e38641a0b476f4148d00103cc91b027024a835a2b910d67bd45ec7a9a6
SHIP_DVIDS_002_128989ca95da25cc,SHIP_DVIDS_002,DVIDS,02_processed/frames/ship_like/DVIDS/20260426/SHIP_DVIDS_002/frame_000104.jpg,104,104,854,480,exterior_or_unknown,none,exclude,exclude,exclude,,78f785a84df7d8e22acb5e95279702eca9ce77210470b05343601fe77d2674cc
SHIP_DVIDS_002_99447f9769bcec84,SHIP_DVIDS_002,DVIDS,02_processed/frames/ship_like/DVIDS/20260426/SHIP_DVIDS_002/frame_000105.jpg,105,105,854,480,exterior_or_unknown,none,exclude,exclude,exclude,,a0d7c67f50e5ebeca82b8824fbdb4fbc52f89ef0286c2613330cd170a0d09ad5
SHIP_DVIDS_002_118795bd9c15c564,SHIP_DVIDS_002,DVIDS,02_processed/frames/ship_like/DVIDS/20260426/SHIP_DVIDS_002/frame_000106.jpg,106,106,854,480,exterior_or_unknown,none,exclude,exclude,exclude,,89385446a9ac0aac89ee9f25d0613631f1c5c9cbd26abf0d8672264959992b00
SHIP_DVIDS_002_1a430b7d9d154f1c,SHIP_DVIDS_002,DVIDS,02_processed/frames/ship_like/DVIDS/20260426/SHIP_DVIDS_002/frame_000107.jpg,107,107,854,480,exterior_or_unknown,none,exclude,exclude,exclude,,9cc98a7b8693633ad2e899326725f98aa0ec04c7680f97c1eae033db81669221
SHIP_DVIDS_002_41457a7ffaf73075,SHIP_DVIDS_002,DVIDS,02_processed/frames/ship_like/DVIDS/20260426/SHIP_DVIDS_002/frame_000108.jpg,108,108,854,480,exterior_or_unknown,none,exclude,exclude,exclude,,78cb2d3687e979564caa9ffaffeb1da0720e81b2639436b30606cda635fa9136
SHIP_DVIDS_002_d3809dc7bce9dbd8,SHIP_DVIDS_002,DVIDS,02_processed/frames/ship_like/DVIDS/20260426/SHIP_DVIDS_002/frame_000109.jpg,109,109,854,480,exterior_or_unknown,none,exclude,exclude,exclude,,a1266a3b17e8c8a46dd4e75bbb381c3201d6f112cd95e7d777df45db44759fb9
SHIP_DVIDS_002_8f782931a83c65ee,SHIP_DVIDS_002,DVIDS,02_processed/frames/ship_like/DVIDS/20260426/SHIP_DVIDS_002/frame_000110.jpg,110,110,854,480,exterior_or_unknown,none,exclude,exclude,exclude,,7427461d78a3729982c3414bfa6bd127e13aa3d6aad3f576ba0bb6ee307d4ac7
SHIP_DVIDS_002_7af486953945503b,SHIP_DVIDS_002,DVIDS,02_processed/frames/ship_like/DVIDS/20260426/SHIP_DVIDS_002/frame_000111.jpg,111,111,854,480,exterior_or_unknown,none,exclude,exclude,exclude,,bbf274f0bca3ad0605566c00444b2746b3c9cfb3ca933e85fd94f697541fb179
SHIP_DVIDS_002_f0e2fb38f0436be4,SHIP_DVIDS_002,DVIDS,02_processed/frames/ship_like/DVIDS/20260426/SHIP_DVIDS_002/frame_000112.jpg,112,112,854,480,exterior_or_unknown,none,exclude,exclude,exclude,,f72a21537eb159ab09b30d8c6b32347e2129a02f467b4ea4b6f5fc16908ef07c
SHIP_DVIDS_002_d38ab47aaf7d4819,SHIP_DVIDS_002,DVIDS,02_processed/frames/ship_like/DVIDS/20260426/SHIP_DVIDS_002/frame_000113.jpg,113,113,854,480,exterior_or_unknown,none,exclude,exclude,exclude,,b6bcc690f2ca2c9a7103091337c9836fc1fe04892a1354363f181a5edb9f5cdb
SHIP_DVIDS_002_ecc041fb751e5d73,SHIP_DVIDS_002,DVIDS,02_processed/frames/ship_like/DVIDS/20260426/SHIP_DVIDS_002/frame_000114.jpg,114,114,854,480,exterior_or_unknown,none,exclude,exclude,exclude,,1359fc3d988aee2da71dce7f37ad15d830c702e72af220d70771b242f382bcf4
SHIP_DVIDS_002_d3c9d0909661d8fa,SHIP_DVIDS_002,DVIDS,02_processed/frames/ship_like/DVIDS/20260426/SHIP_DVIDS_002/frame_000115.jpg,115,115,854,480,exterior_or_unknown,none,exclude,exclude,exclude,,6c4ee9c282b35408f3714680f2d9ade0eb2968ea96c45b9214bb825587fd455a
SHIP_DVIDS_002_664e4e858b383548,SHIP_DVIDS_002,DVIDS,02_processed/frames/ship_like/DVIDS/20260426/SHIP_DVIDS_002/frame_000116.jpg,116,116,854,480,exterior_or_unknown,none,exclude,exclude,exclude,,09db1136c8de21c9f5502f6b11c4d9bdd58fcaf943c328efb0a0ff5351fd4309
SHIP_DVIDS_002_0de7dfb813aaa03c,SHIP_DVIDS_002,DVIDS,02_processed/frames/ship_like/DVIDS/20260426/SHIP_DVIDS_002/frame_000117.jpg,117,117,854,480,exterior_or_unknown,none,exclude,exclude,exclude,,4772961f7d41d135948271ee08dbba856eecd86e429bb6d5c3b9e6a0d7c6feae
SHIP_DVIDS_002_8a6641dca9ad8005,SHIP_DVIDS_002,DVIDS,02_processed/frames/ship_like/DVIDS/20260426/SHIP_DVIDS_002/frame_000118.jpg,118,118,854,480,exterior_or_unknown,none,exclude,exclude,exclude,,f9304bd54ff3228d2314b1e5e560c4eb35b8461b9555dbd45b9d66f9bd06dfec
SHIP_DVIDS_002_2aa2762a0508270e,SHIP_DVIDS_002,DVIDS,02_processed/frames/ship_like/DVIDS/20260426/SHIP_DVIDS_002/frame_000119.jpg,119,119,854,480,exterior_or_unknown,none,exclude,exclude,exclude,,bd94373fbd43849060698d41627c91906ee3bce07256049a22e7a6604c343e57
SHIP_DVIDS_002_24d1415495e086ed,SHIP_DVIDS_002,DVIDS,02_processed/frames/ship_like/DVIDS/20260426/SHIP_DVIDS_002/frame_000120.jpg,120,120,854,480,exterior_or_unknown,none,exclude,exclude,exclude,,94f22aed779ba651d6c308dba5be964efea0d6beabbec4ca4b3357273c61bf31
SHIP_DVIDS_002_dacbceb96292e9d1,SHIP_DVIDS_002,DVIDS,02_processed/frames/ship_like/DVIDS/20260426/SHIP_DVIDS_002/frame_000121.jpg,121,121,854,480,exterior_or_unknown,none,exclude,exclude,exclude,,3bc713d14ed682a3e4f742346f5b4b50dfbf2fbf4d2882238fe756d996d81595
SHIP_DVIDS_002_5a699d52a8051b3e,SHIP_DVIDS_002,DVIDS,02_processed/frames/ship_like/DVIDS/20260426/SHIP_DVIDS_002/frame_000122.jpg,122,122,854,480,exterior_or_unknown,none,exclude,exclude,exclude,,952907a3ad6dcffecb3aabd93f5f1c580220ea6694381bdddb977225f805dfd1
SHIP_DVIDS_002_a7e4ebc6c08c0e53,SHIP_DVIDS_002,DVIDS,02_processed/frames/ship_like/DVIDS/20260426/SHIP_DVIDS_002/frame_000123.jpg,123,123,854,480,exterior_or_unknown,none,exclude,exclude,exclude,,2a3577678196caf94abf2abadf14414e7bba2de7ec9356ffa8395c9ca3d78a87
SHIP_DVIDS_002_b679054b03a18e78,SHIP_DVIDS_002,DVIDS,02_processed/frames/ship_like/DVIDS/20260426/SHIP_DVIDS_002/frame_000124.jpg,124,124,854,480,exterior_or_unknown,none,exclude,exclude,exclude,,2233671d7ac1db70a1a6c7702ee91b0dfd7ab7d6072803c551f9e5153621327a
SHIP_DVIDS_002_c785265750bee198,SHIP_DVIDS_002,DVIDS,02_processed/frames/ship_like/DVIDS/20260426/SHIP_DVIDS_002/frame_000125.jpg,125,125,854,480,exterior_or_unknown,none,exclude,exclude,exclude,,3b900976283e0cbb7608956bed0bbd386e3726f6a44ee758f925582479ecd056
SHIP_DVIDS_002_7bc751f073ed99af,SHIP_DVIDS_002,DVIDS,02_processed/frames/ship_like/DVIDS/20260426/SHIP_DVIDS_002/frame_000126.jpg,126,126,854,480,exterior_or_unknown,none,exclude,exclude,exclude,,abd2fe0d00792b3efd0b39e71fd48a71d8c5defbf3386eb88c16999e51e03a4a
SHIP_DVIDS_002_9771d6a9eee325c7,SHIP_DVIDS_002,DVIDS,02_processed/frames/ship_like/DVIDS/20260426/SHIP_DVIDS_002/frame_000127.jpg,127,127,854,480,exterior_or_unknown,none,exclude,exclude,exclude,,80f3c12e69b685adb63ae0c95d247a1d971accd88368bc27067c59e74a84d727
SHIP_DVIDS_002_c907cc7bf35a77a6,SHIP_DVIDS_002,DVIDS,02_processed/frames/ship_like/DVIDS/20260426/SHIP_DVIDS_002/frame_000128.jpg,128,128,854,480,exterior_or_unknown,none,exclude,exclude,exclude,,ea4a7226f3ce94000dd25924af4c481da82a2d3c0bc4c055e97c08db3fa6d7f1
SHIP_DVIDS_002_4900a5bcb653673f,SHIP_DVIDS_002,DVIDS,02_processed/frames/ship_like/DVIDS/20260426/SHIP_DVIDS_002/frame_000129.jpg,129,129,854,480,exterior_or_unknown,none,exclude,exclude,exclude,,a2c6b0bb4923b88913d5e86c320b5aeb2a06191618667e3a34cafa570cba6195
SHIP_DVIDS_002_045ab2582bea93aa,SHIP_DVIDS_002,DVIDS,02_processed/frames/ship_like/DVIDS/20260426/SHIP_DVIDS_002/frame_000130.jpg,130,130,854,480,exterior_or_unknown,none,exclude,exclude,exclude,,f65bd69264250c3edff177d0a43f6a6d39da829d8403904673b0395fa92a916f
SHIP_DVIDS_003_b7cc0fc03e9963aa,SHIP_DVIDS_003,DVIDS,02_processed/frames/ship_like/DVIDS/20260426/SHIP_DVIDS_003/frame_000000.jpg,0,0,1280,720,exterior_or_unknown,none,exclude,exclude,exclude,,b5ed3fb9cdc63f607fa426ad4bfa67909ac069d87ea1f094aa72d5edd980ef9a
SHIP_DVIDS_003_6cfc822d4454a380,SHIP_DVIDS_003,DVIDS,02_processed/frames/ship_like/DVIDS/20260426/SHIP_DVIDS_003/frame_000001.jpg,1,1,1280,720,control_room,none,synth_background,train,good,with_human,9a499ffcd47a33beaa9f9bd3788637323da55c98af9a325422163aa41cc171d9
SHIP_DVIDS_003_fd4d55f3bdc7418a,SHIP_DVIDS_003,DVIDS,02_processed/frames/ship_like/DVIDS/20260426/SHIP_DVIDS_003/frame_000002.jpg,2,2,1280,720,control_room,none,synth_background,train,good,with_human,e1e92c38820388f3402a589d26be9dc8a875581e213ed73e92925fb1139b9261
SHIP_DVIDS_003_749ffe0afc81550d,SHIP_DVIDS_003,DVIDS,02_processed/frames/ship_like/DVIDS/20260426/SHIP_DVIDS_003/frame_000003.jpg,3,3,1280,720,control_room,none,synth_background,train,good,with_human,dedf0167add340fd3280e5f80d7cf2ba54f747ba3719fdd920f3a52692ec2a68
SHIP_DVIDS_003_e46fd86bf3919098,SHIP_DVIDS_003,DVIDS,02_processed/frames/ship_like/DVIDS/20260426/SHIP_DVIDS_003/frame_000004.jpg,4,4,1280,720,control_room,none,synth_background,train,good,with_human,b276b73023328c8d27b561fff609e489da260c7afd9a2ef148661e6d4721dc0b
SHIP_DVIDS_003_7aab49a1233b6c81,SHIP_DVIDS_003,DVIDS,02_processed/frames/ship_like/DVIDS/20260426/SHIP_DVIDS_003/frame_000005.jpg,5,5,1280,720,exterior_or_unknown,none,exclude,exclude,exclude,,085e9ad5c003b6c14d1df2097b91fe3e09d8a1509177f5d5b73ca2db46a12755
SHIP_DVIDS_003_71a62729a66602b9,SHIP_DVIDS_003,DVIDS,02_processed/frames/ship_like/DVIDS/20260426/SHIP_DVIDS_003/frame_000006.jpg,6,6,1280,720,exterior_or_unknown,none,exclude,exclude,exclude,,0b610357401ea292dd46d8be093ae70d27bcd43835ad4aea269b3e1d003d30e4
SHIP_DVIDS_003_8ce17a10ea9d4e11,SHIP_DVIDS_003,DVIDS,02_processed/frames/ship_like/DVIDS/20260426/SHIP_DVIDS_003/frame_000007.jpg,7,7,1280,720,exterior_or_unknown,none,exclude,exclude,exclude,,95ced59bc0036a54810a0a3f96ad8c880d5cac9ee42054437e780a8ebc866857
SHIP_DVIDS_003_2f81739e92743ee9,SHIP_DVIDS_003,DVIDS,02_processed/frames/ship_like/DVIDS/20260426/SHIP_DVIDS_003/frame_000008.jpg,8,8,1280,720,exterior_or_unknown,none,exclude,exclude,exclude,,e1286265e13d0ce56fa15275c3cc82e7266bbd23e089fe88c5ac101bb8fbc596
SHIP_DVIDS_003_5108afd13d5a7040,SHIP_DVIDS_003,DVIDS,02_processed/frames/ship_like/DVIDS/20260426/SHIP_DVIDS_003/frame_000009.jpg,9,9,1280,720,exterior_or_unknown,none,exclude,exclude,exclude,,aa89676194eaee458d158605aad7bdae8bdfd765a6accda8e6e0385772a3638a
SHIP_DVIDS_003_a70eb41cb167ae7c,SHIP_DVIDS_003,DVIDS,02_processed/frames/ship_like/DVIDS/20260426/SHIP_DVIDS_003/frame_000010.jpg,10,10,1280,720,exterior_or_unknown,none,exclude,exclude,exclude,,a90dd97e87f85f513897dc6d9d1700a541f88098052d23de0d0a1d42da6f50e7
SHIP_DVIDS_003_7d65602af8a9c133,SHIP_DVIDS_003,DVIDS,02_processed/frames/ship_like/DVIDS/20260426/SHIP_DVIDS_003/frame_000011.jpg,11,11,1280,720,exterior_or_unknown,none,exclude,exclude,exclude,,a01e8c013e0ea6ddc296a3f7ed6253479db4585742262708669a66d127e2a5fe
SHIP_DVIDS_003_8976cea1076c4e35,SHIP_DVIDS_003,DVIDS,02_processed/frames/ship_like/DVIDS/20260426/SHIP_DVIDS_003/frame_000012.jpg,12,12,1280,720,exterior_or_unknown,none,exclude,exclude,exclude,,cc01083ad01ed04813e9ea2a0a937eddcab31ad3ec7564407302634a538bd4de
SHIP_DVIDS_003_3144294357e5f9dd,SHIP_DVIDS_003,DVIDS,02_processed/frames/ship_like/DVIDS/20260426/SHIP_DVIDS_003/frame_000013.jpg,13,13,1280,720,exterior_or_unknown,none,exclude,exclude,exclude,,454cfcc50a8f55ef8e8815546815a0ede91ce26c07a87b814e1f478716abf2ad
SHIP_DVIDS_003_ccbf9d7cb2a1323d,SHIP_DVIDS_003,DVIDS,02_processed/frames/ship_like/DVIDS/20260426/SHIP_DVIDS_003/frame_000014.jpg,14,14,1280,720,exterior_or_unknown,none,exclude,exclude,exclude,,0c4c1e48d28eaacded2c786f23ff8fd24d916a15bc6afe6f1454e0856908758e
SHIP_DVIDS_003_cbddada5bcb0cddd,SHIP_DVIDS_003,DVIDS,02_processed/frames/ship_like/DVIDS/20260426/SHIP_DVIDS_003/frame_000015.jpg,15,15,1280,720,exterior_or_unknown,none,exclude,exclude,exclude,,a8d095a482010d46436c1a670308be9871cf3f760028764df90aefe563b08b6d
SHIP_DVIDS_003_10e8fa77e80f4664,SHIP_DVIDS_003,DVIDS,02_processed/frames/ship_like/DVIDS/20260426/SHIP_DVIDS_003/frame_000016.jpg,16,16,1280,720,exterior_or_unknown,none,exclude,exclude,exclude,,bb259b7c18b5271440d479eec8fd0e1b7473c0450ea20e8aa022cff74aadfb79
SHIP_DVIDS_003_375958bf1e404270,SHIP_DVIDS_003,DVIDS,02_processed/frames/ship_like/DVIDS/20260426/SHIP_DVIDS_003/frame_000017.jpg,17,17,1280,720,exterior_or_unknown,none,exclude,exclude,exclude,,5dcbdd70eff9a039b634cd4c9682c836cc9bba2c384a92505d2ea5e04e2bc358
SHIP_DVIDS_003_8554cda8a58a83ed,SHIP_DVIDS_003,DVIDS,02_processed/frames/ship_like/DVIDS/20260426/SHIP_DVIDS_003/frame_000018.jpg,18,18,1280,720,exterior_or_unknown,none,exclude,exclude,exclude,,d14241ebacb54f51a7fd2f1ef63bc2120766c063e8484a54be197a4d532a0a20
SHIP_DVIDS_003_557fd5737879c4e3,SHIP_DVIDS_003,DVIDS,02_processed/frames/ship_like/DVIDS/20260426/SHIP_DVIDS_003/frame_000019.jpg,19,19,1280,720,exterior_or_unknown,none,exclude,exclude,exclude,,6b2f019158cdcf1213f90d1d8bbcca784760ce59b5a199f8b7a09ab115ca4032
SHIP_DVIDS_003_0a1fbc658258a64a,SHIP_DVIDS_003,DVIDS,02_processed/frames/ship_like/DVIDS/20260426/SHIP_DVIDS_003/frame_000020.jpg,20,20,1280,720,exterior_or_unknown,none,exclude,exclude,exclude,,32603ed5e65697cbc610e9b95fd7755b694523eafd7243deeb04cf6d33df5624
SHIP_DVIDS_003_d59fe1ed3f1f108f,SHIP_DVIDS_003,DVIDS,02_processed/frames/ship_like/DVIDS/20260426/SHIP_DVIDS_003/frame_000021.jpg,21,21,1280,720,exterior_or_unknown,none,exclude,exclude,exclude,,1ad212b9bfa49945efafc063725183d04517b3042c0ca7c075629a0c0158a56d
SHIP_DVIDS_003_cc52929ba2f95fc8,SHIP_DVIDS_003,DVIDS,02_processed/frames/ship_like/DVIDS/20260426/SHIP_DVIDS_003/frame_000022.jpg,22,22,1280,720,exterior_or_unknown,none,exclude,exclude,exclude,,61b53f20b9befe1b27f4b1a09526e5905e2f3a66d6de6bed01c6fde7abfb0dda
SHIP_DVIDS_003_868bf1880d7d4052,SHIP_DVIDS_003,DVIDS,02_processed/frames/ship_like/DVIDS/20260426/SHIP_DVIDS_003/frame_000023.jpg,23,23,1280,720,exterior_or_unknown,none,exclude,exclude,exclude,,4d4ebd7ad96f107f7081469f19009ed4ed925c341f8f053cb3fcec7bce113349
SHIP_DVIDS_003_cd995e650c660579,SHIP_DVIDS_003,DVIDS,02_processed/frames/ship_like/DVIDS/20260426/SHIP_DVIDS_003/frame_000024.jpg,24,24,1280,720,exterior_or_unknown,none,exclude,exclude,exclude,,e4175baef3c2153d657cb368c784b90e8ba07982eef590896ab63714101b9bec
SHIP_DVIDS_003_018df3a290a069a2,SHIP_DVIDS_003,DVIDS,02_processed/frames/ship_like/DVIDS/20260426/SHIP_DVIDS_003/frame_000025.jpg,25,25,1280,720,exterior_or_unknown,none,exclude,exclude,exclude,,256b21ff40f0643b03abb34c8e7d860bb1889d24def10ad1be31892149b18b3d
SHIP_DVIDS_003_e807b7cbff24a241,SHIP_DVIDS_003,DVIDS,02_processed/frames/ship_like/DVIDS/20260426/SHIP_DVIDS_003/frame_000026.jpg,26,26,1280,720,exterior_or_unknown,none,exclude,exclude,exclude,,03abc3db0a4274cd1f609efef24d8b16149fbda3855941396099be1b5c03d0db
SHIP_DVIDS_003_cd821b1aa3c58d34,SHIP_DVIDS_003,DVIDS,02_processed/frames/ship_like/DVIDS/20260426/SHIP_DVIDS_003/frame_000027.jpg,27,27,1280,720,exterior_or_unknown,none,exclude,exclude,exclude,,b74801cedb71de5d9d754b37eb2af8ff9e4b9cd789c5f040af92381364bb6d01
SHIP_DVIDS_003_0700ce6b50d37432,SHIP_DVIDS_003,DVIDS,02_processed/frames/ship_like/DVIDS/20260426/SHIP_DVIDS_003/frame_000028.jpg,28,28,1280,720,exterior_or_unknown,none,exclude,exclude,exclude,,5ff4d0b8690e3adf665327d3149eeae79d58ab3fd4efb479c868c46544304eae
SHIP_DVIDS_003_c38f2811dbd50dc6,SHIP_DVIDS_003,DVIDS,02_processed/frames/ship_like/DVIDS/20260426/SHIP_DVIDS_003/frame_000029.jpg,29,29,1280,720,exterior_or_unknown,none,exclude,exclude,exclude,,b30854df40f55e573c2cad9e4676e9711fa3e26aef331de140da94096b4d5d73
SHIP_DVIDS_003_9ed1e1095590e032,SHIP_DVIDS_003,DVIDS,02_processed/frames/ship_like/DVIDS/20260426/SHIP_DVIDS_003/frame_000030.jpg,30,30,1280,720,exterior_or_unknown,none,exclude,exclude,exclude,,f3e4da7fe8a57a1f1fba21943e58b82e539d9aa2cd29b824e1dc1ee85c2b50e6
SHIP_DVIDS_003_f46f7cae9c61b821,SHIP_DVIDS_003,DVIDS,02_processed/frames/ship_like/DVIDS/20260426/SHIP_DVIDS_003/frame_000031.jpg,31,31,1280,720,exterior_or_unknown,none,exclude,exclude,exclude,,d2de31f245e16e903b8c2f3d53dec6b946c443b740ac2c44a49e1f91245720c2
SHIP_DVIDS_003_3f3edb4b57f621d3,SHIP_DVIDS_003,DVIDS,02_processed/frames/ship_like/DVIDS/20260426/SHIP_DVIDS_003/frame_000032.jpg,32,32,1280,720,deck,none,synth_background,train,normal,with_human,829d88c02b9c4f48c8e8c1a8fdfa512eca4d0e5b1ed748408ee8857f98802c08
SHIP_DVIDS_003_e75a12b50f354367,SHIP_DVIDS_003,DVIDS,02_processed/frames/ship_like/DVIDS/20260426/SHIP_DVIDS_003/frame_000033.jpg,33,33,1280,720,deck,none,synth_background,train,normal,with_human,0bd9e2aaeb012e8c72f2ec3e63e705ee66dcb0f38d10a1e6ff886010d980a604
SHIP_DVIDS_003_7a7f6524fc245a91,SHIP_DVIDS_003,DVIDS,02_processed/frames/ship_like/DVIDS/20260426/SHIP_DVIDS_003/frame_000034.jpg,34,34,1280,720,deck,none,synth_background,train,normal,with_human,e94a451a73601df0c6508cff8570e7956e762bc91afb4307188da4ef37adc59a
SHIP_DVIDS_003_a1362bbea3532d98,SHIP_DVIDS_003,DVIDS,02_processed/frames/ship_like/DVIDS/20260426/SHIP_DVIDS_003/frame_000035.jpg,35,35,1280,720,deck,none,synth_background,train,normal,with_human,0299ef20ff732fdb5c2fde088ec4cb80a2b04ae8e588486d0afd7d8d065518b9
SHIP_DVIDS_003_bfcd81f37cda1d55,SHIP_DVIDS_003,DVIDS,02_processed/frames/ship_like/DVIDS/20260426/SHIP_DVIDS_003/frame_000036.jpg,36,36,1280,720,deck,none,synth_background,train,normal,with_human,32668bb3a34d494595719c4d9edbd9ad18847878d3a63c176dddd44bf6c031ea
SHIP_DVIDS_003_65d235b42ffe0092,SHIP_DVIDS_003,DVIDS,02_processed/frames/ship_like/DVIDS/20260426/SHIP_DVIDS_003/frame_000037.jpg,37,37,1280,720,deck,none,synth_background,train,normal,with_human,22a8812d496f50e07a18012ff0fe64567d01c9ff38859dc729fd46e7b9751ecf
SHIP_DVIDS_003_010261f3e3a4cb72,SHIP_DVIDS_003,DVIDS,02_processed/frames/ship_like/DVIDS/20260426/SHIP_DVIDS_003/frame_000038.jpg,38,38,1280,720,deck,none,synth_background,train,normal,with_human,f142bf69ab325183c07292d79bc3549cc48725dbb3fb28fe243e6454b1143f86
SHIP_DVIDS_003_ed084827cdeb707c,SHIP_DVIDS_003,DVIDS,02_processed/frames/ship_like/DVIDS/20260426/SHIP_DVIDS_003/frame_000039.jpg,39,39,1280,720,deck,none,synth_background,train,normal,with_human,d9953a87abcd5b20f73fad378d880432c242bd8155eada932e31f7714c7fec6a
SHIP_DVIDS_003_d6b7dd6f2a8676d8,SHIP_DVIDS_003,DVIDS,02_processed/frames/ship_like/DVIDS/20260426/SHIP_DVIDS_003/frame_000040.jpg,40,40,1280,720,deck,none,synth_background,train,normal,with_human,38e5b2d044ddc4cd4b602e39c0dbaf4851c61b62b95040b2b048d469bb6f829b
SHIP_DVIDS_003_21c6ec127b7abca3,SHIP_DVIDS_003,DVIDS,02_processed/frames/ship_like/DVIDS/20260426/SHIP_DVIDS_003/frame_000041.jpg,41,41,1280,720,exterior_or_unknown,none,exclude,exclude,exclude,,00d817f7d2245bc485a25b329977a1b4d4e163532740723a87f76733c712b447
SHIP_DVIDS_003_acdb5b7863248d53,SHIP_DVIDS_003,DVIDS,02_processed/frames/ship_like/DVIDS/20260426/SHIP_DVIDS_003/frame_000042.jpg,42,42,1280,720,exterior_or_unknown,none,exclude,exclude,exclude,,d2e7c3cf31e270d727700ac8cda545210d92f2c7d59515127b5e685efebd1395
SHIP_DVIDS_003_cce02011bdd92d3c,SHIP_DVIDS_003,DVIDS,02_processed/frames/ship_like/DVIDS/20260426/SHIP_DVIDS_003/frame_000043.jpg,43,43,1280,720,exterior_or_unknown,none,exclude,exclude,exclude,,5e6d055cd591cea29bb12480251485253d92394550d9799b27b3fbbf8ada5363
SHIP_DVIDS_003_1cc5dac4f7c4ee0d,SHIP_DVIDS_003,DVIDS,02_processed/frames/ship_like/DVIDS/20260426/SHIP_DVIDS_003/frame_000044.jpg,44,44,1280,720,exterior_or_unknown,none,exclude,exclude,exclude,,94714e294a79b74bd52806765f52920ab0bb08304168e07687b29f72d29e0f33
SHIP_DVIDS_003_32c6d6d8f2c6129a,SHIP_DVIDS_003,DVIDS,02_processed/frames/ship_like/DVIDS/20260426/SHIP_DVIDS_003/frame_000045.jpg,45,45,1280,720,exterior_or_unknown,none,exclude,exclude,exclude,,d27a596d63ba431a8e8e758b5e14a647e1d1ff6bb221db1b03ecb82b2c3acc7c
SHIP_DVIDS_003_094b58003225f94d,SHIP_DVIDS_003,DVIDS,02_processed/frames/ship_like/DVIDS/20260426/SHIP_DVIDS_003/frame_000046.jpg,46,46,1280,720,exterior_or_unknown,none,exclude,exclude,exclude,,1df27200def7d02cebe7f9646e3f07ecb0d929f12cba2c46909b8594bc48bbad
SHIP_DVIDS_003_ceb3a07f8b72d9a9,SHIP_DVIDS_003,DVIDS,02_processed/frames/ship_like/DVIDS/20260426/SHIP_DVIDS_003/frame_000047.jpg,47,47,1280,720,exterior_or_unknown,none,exclude,exclude,exclude,,cc3ae1397967ee6b57a292916915c0fee1e16f234b7a9fc751b2037a7b9438c5
SHIP_DVIDS_003_07b20da5a39c1d2b,SHIP_DVIDS_003,DVIDS,02_processed/frames/ship_like/DVIDS/20260426/SHIP_DVIDS_003/frame_000048.jpg,48,48,1280,720,exterior_or_unknown,none,exclude,exclude,exclude,,96395174a9a6c14d245b9030f170b4cfdac74384a6344bb8e08c7dbc171df955
SHIP_DVIDS_003_22a055539246e48e,SHIP_DVIDS_003,DVIDS,02_processed/frames/ship_like/DVIDS/20260426/SHIP_DVIDS_003/frame_000049.jpg,49,49,1280,720,exterior_or_unknown,none,exclude,exclude,exclude,,e11c75ebb615441f9e2692ae69598c72a3eaf7427b278fccf090e39bd92e4fa3
SHIP_DVIDS_003_f6650eaf0b257585,SHIP_DVIDS_003,DVIDS,02_processed/frames/ship_like/DVIDS/20260426/SHIP_DVIDS_003/frame_000050.jpg,50,50,1280,720,control_room,none,synth_background,train,normal,with_human,55cc141fd258abba47c61188c87cf8ff033969e0af63af6cffa6d8d8aea98935
SHIP_DVIDS_003_4d111f63a6b9af91,SHIP_DVIDS_003,DVIDS,02_processed/frames/ship_like/DVIDS/20260426/SHIP_DVIDS_003/frame_000051.jpg,51,51,1280,720,control_room,none,synth_background,train,normal,with_human,77af2758002f92f42aa778d7b2d68b90993c826b1ff20f5a1485683bbc2f5cbc
SHIP_DVIDS_003_ebae44a2686145a2,SHIP_DVIDS_003,DVIDS,02_processed/frames/ship_like/DVIDS/20260426/SHIP_DVIDS_003/frame_000052.jpg,52,52,1280,720,control_room,none,synth_background,train,normal,with_human,fdb96d2552d002c668a6b95cb88a957d69aeeb3fb979f4f2461035ddcf39b39c
SHIP_DVIDS_003_5470f71ec3fa3791,SHIP_DVIDS_003,DVIDS,02_processed/frames/ship_like/DVIDS/20260426/SHIP_DVIDS_003/frame_000053.jpg,53,53,1280,720,control_room,none,synth_background,train,normal,with_human,9376a61a8e03d0d03bdf2fb4a4cb216d14fb393f78d8021279ee5d2661469b6e
SHIP_DVIDS_003_27f174929fe3d2b6,SHIP_DVIDS_003,DVIDS,02_processed/frames/ship_like/DVIDS/20260426/SHIP_DVIDS_003/frame_000054.jpg,54,54,1280,720,control_room,none,synth_background,train,normal,with_human,6dcfdb19065a00124699c97f3fc9c46d485e37a4a0ebe2b32488092b24215704
SHIP_DVIDS_003_1df7e3829850d37c,SHIP_DVIDS_003,DVIDS,02_processed/frames/ship_like/DVIDS/20260426/SHIP_DVIDS_003/frame_000055.jpg,55,55,1280,720,control_room,none,synth_background,train,normal,with_human,cee49740c6d72bd470d5691ea6b37f2b946740e0390d6479dfe373c7129bda40
SHIP_DVIDS_003_80b3449af4adeab0,SHIP_DVIDS_003,DVIDS,02_processed/frames/ship_like/DVIDS/20260426/SHIP_DVIDS_003/frame_000056.jpg,56,56,1280,720,control_room,none,synth_background,train,normal,with_human,362e15bec0c8bcfa401617942ff1e80a500e4486fbe037821f20a4920b56e739
SHIP_DVIDS_003_b152b91a50c12a9e,SHIP_DVIDS_003,DVIDS,02_processed/frames/ship_like/DVIDS/20260426/SHIP_DVIDS_003/frame_000057.jpg,57,57,1280,720,control_room,none,synth_background,train,normal,with_human,ebe97ecc08b195ac4e087956219d9db9967e0a6a812fd2bb8c58e6fb924028d7
SHIP_DVIDS_003_13e18d5284f1d89a,SHIP_DVIDS_003,DVIDS,02_processed/frames/ship_like/DVIDS/20260426/SHIP_DVIDS_003/frame_000058.jpg,58,58,1280,720,control_room,none,synth_background,train,normal,with_human,74ff467b6df132768dd65301a3997f82b7eca8efa34f3232f72a76b5cb7bc7b5
SHIP_DVIDS_003_710647f09fad6aa9,SHIP_DVIDS_003,DVIDS,02_processed/frames/ship_like/DVIDS/20260426/SHIP_DVIDS_003/frame_000059.jpg,59,59,1280,720,control_room,none,synth_background,train,normal,with_human,fde22b2a2ab69a4d0dca80c1d4ea23d99ada4296b536e5e8b58b5a6ba636291f
SHIP_DVIDS_003_0f85e21fbc2b4041,SHIP_DVIDS_003,DVIDS,02_processed/frames/ship_like/DVIDS/20260426/SHIP_DVIDS_003/frame_000060.jpg,60,60,1280,720,control_room,none,synth_background,train,normal,with_human,77dad7184f48836247aeeb894c4d399d51d1844974709b8bcae8a3e674de0c3e
SHIP_DVIDS_003_c1be5e3130348c7e,SHIP_DVIDS_003,DVIDS,02_processed/frames/ship_like/DVIDS/20260426/SHIP_DVIDS_003/frame_000061.jpg,61,61,1280,720,control_room,none,synth_background,train,normal,with_human,878ac7ac6c3206520d16992ea3b65cadf067662a2dd9880e0b42904ee96ed3b5
SHIP_DVIDS_003_2f5e066a7956bbbf,SHIP_DVIDS_003,DVIDS,02_processed/frames/ship_like/DVIDS/20260426/SHIP_DVIDS_003/frame_000062.jpg,62,62,1280,720,control_room,none,synth_background,train,normal,with_human,7364db328408fba9786b6bea878f2777cf771888e9eab36c0026984dd97c7e7a
SHIP_DVIDS_003_1ff4b90a8564a32a,SHIP_DVIDS_003,DVIDS,02_processed/frames/ship_like/DVIDS/20260426/SHIP_DVIDS_003/frame_000063.jpg,63,63,1280,720,control_room,none,synth_background,train,normal,with_human,4ce2416fbaa8b19c111fb23d12d0d4284865eeab56e85327f4b2c40d6648c27c
SHIP_DVIDS_003_ecc13d6c690650c0,SHIP_DVIDS_003,DVIDS,02_processed/frames/ship_like/DVIDS/20260426/SHIP_DVIDS_003/frame_000064.jpg,64,64,1280,720,control_room,none,synth_background,train,normal,with_human,9d054452bfbc2db34fc61d9bf85cc84cb9ffa78c32b44496f3263e03451ed827
SHIP_DVIDS_003_887215e931df3ebb,SHIP_DVIDS_003,DVIDS,02_processed/frames/ship_like/DVIDS/20260426/SHIP_DVIDS_003/frame_000065.jpg,65,65,1280,720,control_room,none,synth_background,train,normal,with_human,88e34921e7246ff135e96401777c9160f5c0a835d70dcc784cb6014ac18aff01
SHIP_DVIDS_003_b6a0743cbb039656,SHIP_DVIDS_003,DVIDS,02_processed/frames/ship_like/DVIDS/20260426/SHIP_DVIDS_003/frame_000066.jpg,66,66,1280,720,control_room,none,synth_background,train,normal,with_human,4abc83ad8bfa5badf3dabaf3d90e378c7422d6a2b37a62e65539fb4c664d06fd
SHIP_DVIDS_003_2a5dc633398fe973,SHIP_DVIDS_003,DVIDS,02_processed/frames/ship_like/DVIDS/20260426/SHIP_DVIDS_003/frame_000067.jpg,67,67,1280,720,control_room,none,synth_background,train,normal,with_human,fe11dca9095d3ed85005ca44c0550fe7d0bf45bd2fefa1583be003af8153ad19
SHIP_DVIDS_003_52ae9a127b0a2e82,SHIP_DVIDS_003,DVIDS,02_processed/frames/ship_like/DVIDS/20260426/SHIP_DVIDS_003/frame_000068.jpg,68,68,1280,720,exterior_or_unknown,none,exclude,exclude,exclude,,f427132baff560ce707b84adca140759bc43c08c29a3c4ff2845f1f798937192
SHIP_DVIDS_003_ec0c1923b31b8989,SHIP_DVIDS_003,DVIDS,02_processed/frames/ship_like/DVIDS/20260426/SHIP_DVIDS_003/frame_000069.jpg,69,69,1280,720,exterior_or_unknown,none,exclude,exclude,exclude,,b850a60f09232af164ffef987ea455b8adf3e400587b479a282b4cbe274dcf3e
SHIP_DVIDS_003_1a62a3da0f9f443b,SHIP_DVIDS_003,DVIDS,02_processed/frames/ship_like/DVIDS/20260426/SHIP_DVIDS_003/frame_000070.jpg,70,70,1280,720,exterior_or_unknown,none,exclude,exclude,exclude,,00e3029655b8a7ef43f369d5cc1fa461c8b7d4b2556161416d557694c4c27912
SHIP_DVIDS_003_ef2509a1d323ee4f,SHIP_DVIDS_003,DVIDS,02_processed/frames/ship_like/DVIDS/20260426/SHIP_DVIDS_003/frame_000071.jpg,71,71,1280,720,exterior_or_unknown,none,exclude,exclude,exclude,,6f752f1c93ef41165ef23828be17398a3555370cb7471007d00fa473836d1d5c
SHIP_DVIDS_003_7605f48ec7cb43a4,SHIP_DVIDS_003,DVIDS,02_processed/frames/ship_like/DVIDS/20260426/SHIP_DVIDS_003/frame_000072.jpg,72,72,1280,720,exterior_or_unknown,none,exclude,exclude,exclude,,49c7760d8814295b9943ec9b0de8726ba146d8c0b5e4532a273fae9a318625ee
SHIP_DVIDS_003_0701c9c25e41c53c,SHIP_DVIDS_003,DVIDS,02_processed/frames/ship_like/DVIDS/20260426/SHIP_DVIDS_003/frame_000073.jpg,73,73,1280,720,exterior_or_unknown,none,exclude,exclude,exclude,,5bcfa3c870db51088d8cb0423ba9d2fd7a98e9bd2610da69093ef71d50dbc44e
SHIP_DVIDS_003_43b190450983a833,SHIP_DVIDS_003,DVIDS,02_processed/frames/ship_like/DVIDS/20260426/SHIP_DVIDS_003/frame_000074.jpg,74,74,1280,720,exterior_or_unknown,none,exclude,exclude,exclude,,0651cfff08199bb2d56377dafeb622f9f09b5effcbd1d44a00110edc39eb66fd
SHIP_DVIDS_003_688a9c4110847670,SHIP_DVIDS_003,DVIDS,02_processed/frames/ship_like/DVIDS/20260426/SHIP_DVIDS_003/frame_000075.jpg,75,75,1280,720,exterior_or_unknown,none,exclude,exclude,exclude,,febcb2d9bc33c521630943c0972109394092e9ea08a7b6d2bfbdd076fd77b952
SHIP_DVIDS_003_4a4e6dc9df76f28c,SHIP_DVIDS_003,DVIDS,02_processed/frames/ship_like/DVIDS/20260426/SHIP_DVIDS_003/frame_000076.jpg,76,76,1280,720,exterior_or_unknown,none,exclude,exclude,exclude,,696525e719b80451755e4e913a23b560bea016413b7aa3b2c6bdc89632ef130c
SHIP_DVIDS_003_943e2063a3e1245c,SHIP_DVIDS_003,DVIDS,02_processed/frames/ship_like/DVIDS/20260426/SHIP_DVIDS_003/frame_000077.jpg,77,77,1280,720,exterior_or_unknown,none,exclude,exclude,exclude,,34787f34bbe0b262fc5821b18158f38285dcbd69fe87077b55282596c6af426d
SHIP_DVIDS_003_13bfbb368ae8774d,SHIP_DVIDS_003,DVIDS,02_processed/frames/ship_like/DVIDS/20260426/SHIP_DVIDS_003/frame_000078.jpg,78,78,1280,720,exterior_or_unknown,none,exclude,exclude,exclude,,0bdd9119bf0c37f0f9509a84c3bfd5363af24a8305774e157de645141e0c7b70
SHIP_DVIDS_003_3b82cfc65dd70658,SHIP_DVIDS_003,DVIDS,02_processed/frames/ship_like/DVIDS/20260426/SHIP_DVIDS_003/frame_000079.jpg,79,79,1280,720,exterior_or_unknown,none,exclude,exclude,exclude,,540b1895833a04fddd6fb06b9d34bb6c75edda970238bd9ec231f8d815220892
SHIP_DVIDS_003_a85a76b638401268,SHIP_DVIDS_003,DVIDS,02_processed/frames/ship_like/DVIDS/20260426/SHIP_DVIDS_003/frame_000080.jpg,80,80,1280,720,exterior_or_unknown,none,exclude,exclude,exclude,,82de1edee55816d4874b6f0599c39131bae6d5682272a24ab36099d6d954aad9
SHIP_DVIDS_003_6ab30bf2aa733b5e,SHIP_DVIDS_003,DVIDS,02_processed/frames/ship_like/DVIDS/20260426/SHIP_DVIDS_003/frame_000081.jpg,81,81,1280,720,exterior_or_unknown,none,exclude,exclude,exclude,,cd223d5e9e46ae81c74d54ef9e5262fe028cdfd06cd218807bf8b9c379adf99c
SHIP_DVIDS_003_796781bb515ffacb,SHIP_DVIDS_003,DVIDS,02_processed/frames/ship_like/DVIDS/20260426/SHIP_DVIDS_003/frame_000082.jpg,82,82,1280,720,exterior_or_unknown,none,exclude,exclude,exclude,,cd7c07638b8ca38e9fb39f65879a45ff3058a47cdb13a04160d362e77423f167
SHIP_DVIDS_003_d78983cd05cceb08,SHIP_DVIDS_003,DVIDS,02_processed/frames/ship_like/DVIDS/20260426/SHIP_DVIDS_003/frame_000083.jpg,83,83,1280,720,exterior_or_unknown,none,exclude,exclude,exclude,,57dd5a4717e1e1214a3cf8670088a025865a573eb5d116788f391e28d6da5e6b
SHIP_DVIDS_003_3c55b69fc62c5d44,SHIP_DVIDS_003,DVIDS,02_processed/frames/ship_like/DVIDS/20260426/SHIP_DVIDS_003/frame_000084.jpg,84,84,1280,720,exterior_or_unknown,none,exclude,exclude,exclude,,10b7c88dac865b17396ead41e854f60edd7e35c33c4dcca6a94f28dc060dfcf4
SHIP_DVIDS_003_fca52f65a12d66cf,SHIP_DVIDS_003,DVIDS,02_processed/frames/ship_like/DVIDS/20260426/SHIP_DVIDS_003/frame_000085.jpg,85,85,1280,720,exterior_or_unknown,none,exclude,exclude,exclude,,87eac233237101ea87e0573c996541189380bd22159db15ede05f9d67cdb32ae
SHIP_DVIDS_003_0e5d49c092bb85c9,SHIP_DVIDS_003,DVIDS,02_processed/frames/ship_like/DVIDS/20260426/SHIP_DVIDS_003/frame_000086.jpg,86,86,1280,720,exterior_or_unknown,none,exclude,exclude,exclude,,69e8d75c5a277231c56a3d7a475e8e678ca1b3787e59a7ff72f12ea26edcb370
SHIP_DVIDS_003_20db2b24a8498486,SHIP_DVIDS_003,DVIDS,02_processed/frames/ship_like/DVIDS/20260426/SHIP_DVIDS_003/frame_000087.jpg,87,87,1280,720,exterior_or_unknown,none,exclude,exclude,exclude,,04ebe43f8058d9d0d0c3309fdb0440574f66d97bb22f63e380974fb5e34d10db
SHIP_DVIDS_003_68205e6a81663788,SHIP_DVIDS_003,DVIDS,02_processed/frames/ship_like/DVIDS/20260426/SHIP_DVIDS_003/frame_000088.jpg,88,88,1280,720,exterior_or_unknown,none,exclude,exclude,exclude,,b2f845a0671531de7beff4db57ecebb2a08c086b416784beace4ced83dc81a10
SHIP_DVIDS_003_02b2038caa6e7771,SHIP_DVIDS_003,DVIDS,02_processed/frames/ship_like/DVIDS/20260426/SHIP_DVIDS_003/frame_000089.jpg,89,89,1280,720,exterior_or_unknown,none,exclude,exclude,exclude,,69bd4afa8c03c70fa3d194e9866eb6bdf2e213e465f0170eb94557d8bb820864
SHIP_DVIDS_003_8aee324667f34507,SHIP_DVIDS_003,DVIDS,02_processed/frames/ship_like/DVIDS/20260426/SHIP_DVIDS_003/frame_000090.jpg,90,90,1280,720,exterior_or_unknown,none,exclude,exclude,exclude,,3cd21c311318c1263174448d7f3086a8f305d01bbd14cc1a842d9143eebd0173
SHIP_DVIDS_003_bd39f85c84f5b6d5,SHIP_DVIDS_003,DVIDS,02_processed/frames/ship_like/DVIDS/20260426/SHIP_DVIDS_003/frame_000091.jpg,91,91,1280,720,control_room,none,synth_background,train,good,with_human,c1a2bc0a70cfb8b60e4f2d52664f25d43d6f0f97fd7da09461a0055c93689155
SHIP_DVIDS_003_2c1a96982128cc80,SHIP_DVIDS_003,DVIDS,02_processed/frames/ship_like/DVIDS/20260426/SHIP_DVIDS_003/frame_000092.jpg,92,92,1280,720,control_room,none,synth_background,train,good,with_human,c2734b51e0f63e8eb28acf166bc144ecead74e4b786935487875def31a76218c
SHIP_DVIDS_003_0782bb6f661d7d89,SHIP_DVIDS_003,DVIDS,02_processed/frames/ship_like/DVIDS/20260426/SHIP_DVIDS_003/frame_000093.jpg,93,93,1280,720,control_room,none,synth_background,train,good,with_human,4c3e49d9ab2e73dbed88473a483e4713f72d3f3c1a16ba4607240ea5304100cc
SHIP_DVIDS_003_24b2fea05a5eb98a,SHIP_DVIDS_003,DVIDS,02_processed/frames/ship_like/DVIDS/20260426/SHIP_DVIDS_003/frame_000094.jpg,94,94,1280,720,control_room,none,synth_background,train,good,with_human,960917a6882d8b45fd2d50a99153c270981754f8ed9375c9efff5ab0d6876ab9
SHIP_DVIDS_003_d7aede250681a389,SHIP_DVIDS_003,DVIDS,02_processed/frames/ship_like/DVIDS/20260426/SHIP_DVIDS_003/frame_000095.jpg,95,95,1280,720,control_room,none,synth_background,train,good,with_human,9d484ec320c65e6f7b388e1b496bfe040a9ea63e403e76c8854fd17e9486f624
SHIP_DVIDS_003_4f6e10845b71a78c,SHIP_DVIDS_003,DVIDS,02_processed/frames/ship_like/DVIDS/20260426/SHIP_DVIDS_003/frame_000096.jpg,96,96,1280,720,control_room,none,synth_background,train,good,with_human,d9b98bda8cfcdf5bc451b55893addf9c56277c95b26567aa712205432b1d18fa
SHIP_DVIDS_003_366723b4f9292835,SHIP_DVIDS_003,DVIDS,02_processed/frames/ship_like/DVIDS/20260426/SHIP_DVIDS_003/frame_000097.jpg,97,97,1280,720,control_room,none,synth_background,train,good,with_human,7929e1afb5dfdf334f8acb1e3dff5aa3fa6cb639485376fce16eb197e47fd459
SHIP_DVIDS_003_2fd08ead9e2c650d,SHIP_DVIDS_003,DVIDS,02_processed/frames/ship_like/DVIDS/20260426/SHIP_DVIDS_003/frame_000098.jpg,98,98,1280,720,control_room,none,synth_background,train,good,with_human,7d6a8d2e0343b6de459d269d5f37dcbfb3ea6fbf82fa8460df5b3d376acdcc3f
SHIP_DVIDS_003_dedf6562e2330b55,SHIP_DVIDS_003,DVIDS,02_processed/frames/ship_like/DVIDS/20260426/SHIP_DVIDS_003/frame_000099.jpg,99,99,1280,720,control_room,none,synth_background,train,good,with_human,d6cef3a6c04a68a40506da05550e3ab79362fc3869760228cdd69c2b2598dab9
SHIP_DVIDS_003_b9f83f371a726423,SHIP_DVIDS_003,DVIDS,02_processed/frames/ship_like/DVIDS/20260426/SHIP_DVIDS_003/frame_000100.jpg,100,100,1280,720,control_room,none,synth_background,train,good,with_human,b5bfe69aaec297fce0c68b6c8a7e522fcc23b1eec93985cb311d3577bf8910c3
SHIP_DVIDS_003_e0cf4ba42452de6d,SHIP_DVIDS_003,DVIDS,02_processed/frames/ship_like/DVIDS/20260426/SHIP_DVIDS_003/frame_000101.jpg,101,101,1280,720,control_room,none,synth_background,train,good,with_human,c4989752c900d6ab706fea5abbf201818afc9db69c55c718c28567cd3f691d3c
SHIP_DVIDS_003_65141bb02560a152,SHIP_DVIDS_003,DVIDS,02_processed/frames/ship_like/DVIDS/20260426/SHIP_DVIDS_003/frame_000102.jpg,102,102,1280,720,control_room,none,synth_background,train,good,with_human,383a7307cdb6cc49ec274bd0c128d1696c448eeb06b5b39fc6712bdb3c8a6c36
SHIP_DVIDS_003_933eae81f82be3fb,SHIP_DVIDS_003,DVIDS,02_processed/frames/ship_like/DVIDS/20260426/SHIP_DVIDS_003/frame_000103.jpg,103,103,1280,720,control_room,none,synth_background,train,good,with_human,72bb5bd6e962839a4953e01cc57366dbff655cd00143f20243e5d6d5fb195f5b
SHIP_DVIDS_003_c747936f3cf3fa8f,SHIP_DVIDS_003,DVIDS,02_processed/frames/ship_like/DVIDS/20260426/SHIP_DVIDS_003/frame_000104.jpg,104,104,1280,720,control_room,none,synth_background,train,good,with_human,a0d0ca90dab73e84d55dcf07a298c1ac5201041b14430861c0e2d0bd499d6029
SHIP_DVIDS_003_7a3ff779941e0c74,SHIP_DVIDS_003,DVIDS,02_processed/frames/ship_like/DVIDS/20260426/SHIP_DVIDS_003/frame_000105.jpg,105,105,1280,720,control_room,none,synth_background,train,good,with_human,09d5581b24199113e0d2224f2c97a32f358c2985b84d3ab8137b967188303bad
SHIP_DVIDS_003_31ce429b5110b73d,SHIP_DVIDS_003,DVIDS,02_processed/frames/ship_like/DVIDS/20260426/SHIP_DVIDS_003/frame_000106.jpg,106,106,1280,720,control_room,none,synth_background,train,good,with_human,070f32f102de3fe2b5ab17744f4ce0c397d75a234bc4410ab3712b1cfae89ef5
SHIP_DVIDS_003_3e073f22e40a912d,SHIP_DVIDS_003,DVIDS,02_processed/frames/ship_like/DVIDS/20260426/SHIP_DVIDS_003/frame_000107.jpg,107,107,1280,720,control_room,none,synth_background,train,good,with_human,9e6ba9098142c865ccaebc38ea8dc9a5dd2f992307b5a231f06eb568a272273d
SHIP_DVIDS_003_927274a5512ba6da,SHIP_DVIDS_003,DVIDS,02_processed/frames/ship_like/DVIDS/20260426/SHIP_DVIDS_003/frame_000108.jpg,108,108,1280,720,control_room,none,synth_background,train,good,with_human,ed71981a5f3231b582eae5793faa2f1abb6d15d722cfa4dfa7fe5d4074aaae52
SHIP_DVIDS_003_6374d19732063e22,SHIP_DVIDS_003,DVIDS,02_processed/frames/ship_like/DVIDS/20260426/SHIP_DVIDS_003/frame_000109.jpg,109,109,1280,720,kitchen,none,synth_background,train,good,with_human,99ef29da77020a8b0edb4f2bb5a44e67a4ab3eec8b775aec89625b89b54545d0
SHIP_DVIDS_003_7bd1ce17820b3728,SHIP_DVIDS_003,DVIDS,02_processed/frames/ship_like/DVIDS/20260426/SHIP_DVIDS_003/frame_000110.jpg,110,110,1280,720,kitchen,none,synth_background,train,good,with_human,f8235d69001edda203f47bff5e275dff29811b1721ec2cfcff63b50001c3b0f3
SHIP_DVIDS_003_b52fa858063d89c6,SHIP_DVIDS_003,DVIDS,02_processed/frames/ship_like/DVIDS/20260426/SHIP_DVIDS_003/frame_000111.jpg,111,111,1280,720,kitchen,none,synth_background,train,good,with_human,06a6632bc0f8ffcc8ba0004289c874c0bac8b3e8ed6ba6c88c11a72e96364023
SHIP_DVIDS_003_77cf7540bbcddffd,SHIP_DVIDS_003,DVIDS,02_processed/frames/ship_like/DVIDS/20260426/SHIP_DVIDS_003/frame_000112.jpg,112,112,1280,720,kitchen,none,synth_background,train,good,with_human,51948a30c91b992e4b8c495104dd0f09c3ac72d1f86bff5f3a50876281d25535
SHIP_DVIDS_003_059265515b993865,SHIP_DVIDS_003,DVIDS,02_processed/frames/ship_like/DVIDS/20260426/SHIP_DVIDS_003/frame_000113.jpg,113,113,1280,720,kitchen,none,synth_background,train,good,with_human,93c2f9d932c94813af140348be44a6b5f63688e0880a88535bf066948adc32dd
SHIP_DVIDS_003_423e86a29af7a590,SHIP_DVIDS_003,DVIDS,02_processed/frames/ship_like/DVIDS/20260426/SHIP_DVIDS_003/frame_000114.jpg,114,114,1280,720,kitchen,none,exclude,exclude,exclude,with_human,eae60e8e02d307ba75bff4790a576e6511f2bc3dcf59a2ff7ef93c8b3aadd93d
SHIP_DVIDS_003_bef9aa33ffc0ed35,SHIP_DVIDS_003,DVIDS,02_processed/frames/ship_like/DVIDS/20260426/SHIP_DVIDS_003/frame_000115.jpg,115,115,1280,720,kitchen,none,exclude,exclude,exclude,with_human,bd77614796d784efc1e511e92e47505c69a728a18c4d76fc3314145cc6ba2f37
SHIP_DVIDS_003_ce1955bffdbe1600,SHIP_DVIDS_003,DVIDS,02_processed/frames/ship_like/DVIDS/20260426/SHIP_DVIDS_003/frame_000116.jpg,116,116,1280,720,kitchen,none,exclude,exclude,exclude,with_human,15a90c7b5f18edc10569cc5e81e7b0bd673c8feceff6d5d2dd1f953bfb952565
SHIP_DVIDS_003_31f524ddf8f19eb9,SHIP_DVIDS_003,DVIDS,02_processed/frames/ship_like/DVIDS/20260426/SHIP_DVIDS_003/frame_000117.jpg,117,117,1280,720,kitchen,none,synth_background,train,good,with_human,5c2c468c038089b9c82b26bb593e4bec9676f7cb5fd5485b096815fce6c06d0e
SHIP_DVIDS_003_57fe55c09e0ce963,SHIP_DVIDS_003,DVIDS,02_processed/frames/ship_like/DVIDS/20260426/SHIP_DVIDS_003/frame_000118.jpg,118,118,1280,720,kitchen,none,synth_background,train,good,with_human,6cf97d5e519c952dec9cdd49d262d1de57cefc35b62db1a204761984ed88ea2b
SHIP_DVIDS_003_3989bbccf34dc4d0,SHIP_DVIDS_003,DVIDS,02_processed/frames/ship_like/DVIDS/20260426/SHIP_DVIDS_003/frame_000119.jpg,119,119,1280,720,kitchen,none,synth_background,train,good,with_human,f32da70e4ecf1eb048eeaefa9330b16a4b9d2b7e1191793787e8304c31f77596
SHIP_DVIDS_003_cf66fcc0d84ed71d,SHIP_DVIDS_003,DVIDS,02_processed/frames/ship_like/DVIDS/20260426/SHIP_DVIDS_003/frame_000120.jpg,120,120,1280,720,kitchen,none,synth_background,train,good,with_human,a11f1d782e0b0c82cc9e9f50c25a126006e486b64ee894eb4d6debbb3cbbe39c
SHIP_DVIDS_003_595b1234f20ae4a8,SHIP_DVIDS_003,DVIDS,02_processed/frames/ship_like/DVIDS/20260426/SHIP_DVIDS_003/frame_000121.jpg,121,121,1280,720,lounge,none,synth_background,train,good,with_human,0f8cc59e7e359154c5457796710732f49f4df4f64a41738a6c4defabc1a406ee
SHIP_DVIDS_003_ab2dfec4ca1af533,SHIP_DVIDS_003,DVIDS,02_processed/frames/ship_like/DVIDS/20260426/SHIP_DVIDS_003/frame_000122.jpg,122,122,1280,720,lounge,none,synth_background,train,good,with_human,38b78b5883f5c6e7d89cdf2af02d2b225780235f193cf96a23dafa50b061ca1c
SHIP_DVIDS_003_779ea47e093b043e,SHIP_DVIDS_003,DVIDS,02_processed/frames/ship_like/DVIDS/20260426/SHIP_DVIDS_003/frame_000123.jpg,123,123,1280,720,lounge,none,synth_background,train,good,with_human,a97edc793fa00f6dae714ee95060fab7cdbd2e33e0645a2398214dc2e5d9e496
SHIP_DVIDS_003_93b525db8bcd03c4,SHIP_DVIDS_003,DVIDS,02_processed/frames/ship_like/DVIDS/20260426/SHIP_DVIDS_003/frame_000124.jpg,124,124,1280,720,lounge,none,synth_background,train,good,with_human,fbcaca2d5a9a197b797a93d14ab5ca2ccffbc7d44b1b80e3e9f23ded27925563
SHIP_DVIDS_003_d0ce203e06e979c3,SHIP_DVIDS_003,DVIDS,02_processed/frames/ship_like/DVIDS/20260426/SHIP_DVIDS_003/frame_000125.jpg,125,125,1280,720,lounge,none,synth_background,train,good,with_human,ecbe193c40482fa3b6eeb236db84be94aa27439e11e97117fa957e21604ffc8f
SHIP_DVIDS_003_aa2c5d38c225c02f,SHIP_DVIDS_003,DVIDS,02_processed/frames/ship_like/DVIDS/20260426/SHIP_DVIDS_003/frame_000126.jpg,126,126,1280,720,lounge,none,synth_background,train,good,with_human,1d8f70cc9a7d56fdf766223194773b6d45057ee73cbbec2720a213f0325a816b
SHIP_DVIDS_003_6ebde511e1f41d9e,SHIP_DVIDS_003,DVIDS,02_processed/frames/ship_like/DVIDS/20260426/SHIP_DVIDS_003/frame_000127.jpg,127,127,1280,720,lounge,none,synth_background,train,good,with_human,afe8735f55fd09cc3afcaf558a8788377cd5e4e45f7b794d314da3951712e073
SHIP_DVIDS_003_5bee2d74f8b4d144,SHIP_DVIDS_003,DVIDS,02_processed/frames/ship_like/DVIDS/20260426/SHIP_DVIDS_003/frame_000128.jpg,128,128,1280,720,lounge,none,synth_background,train,good,with_human,730f857074ca1a90993d43aaed7a00c219c7c2d2ff24767d2868a1bfeca4c159
SHIP_DVIDS_003_7b0934af364508fd,SHIP_DVIDS_003,DVIDS,02_processed/frames/ship_like/DVIDS/20260426/SHIP_DVIDS_003/frame_000129.jpg,129,129,1280,720,lounge,none,synth_background,train,good,with_human,55eeb7564bb2847bc226243fbb8838855adf223be4a79dfce7a846427e1c44ac
SHIP_DVIDS_003_0f159f63390c1ff7,SHIP_DVIDS_003,DVIDS,02_processed/frames/ship_like/DVIDS/20260426/SHIP_DVIDS_003/frame_000130.jpg,130,130,1280,720,lounge,none,synth_background,train,good,with_human,c592c69cbdbf4514b0e94bfd9729001b35f9ce069bf1f48b29f075393586f1a5
SHIP_DVIDS_003_c31c8aefe03175ea,SHIP_DVIDS_003,DVIDS,02_processed/frames/ship_like/DVIDS/20260426/SHIP_DVIDS_003/frame_000131.jpg,131,131,1280,720,lounge,none,synth_background,train,good,with_human,514383836b434851d6f1e10d950f25af63181dbc76d7c971fd079624444ab648
SHIP_DVIDS_003_5f4642d49555bc79,SHIP_DVIDS_003,DVIDS,02_processed/frames/ship_like/DVIDS/20260426/SHIP_DVIDS_003/frame_000132.jpg,132,132,1280,720,lounge,none,synth_background,train,good,with_human,6264480586efcdc51d89ab6219a80c90c7f75f8466ed9d56dd1a4921b9259b60
SHIP_DVIDS_003_c3409a2e6f0eab85,SHIP_DVIDS_003,DVIDS,02_processed/frames/ship_like/DVIDS/20260426/SHIP_DVIDS_003/frame_000133.jpg,133,133,1280,720,lounge,none,synth_background,train,good,with_human,169aa004b3fbfab1dc94415b0017f9542980089a1d9a6ef7b9c409d52a7fc840
SHIP_DVIDS_003_a71bf5606ac4edb4,SHIP_DVIDS_003,DVIDS,02_processed/frames/ship_like/DVIDS/20260426/SHIP_DVIDS_003/frame_000134.jpg,134,134,1280,720,lounge,none,synth_background,train,good,with_human,a5ac8441f95b36f583be20c17953dfd4369f50371994f4e48c4ea877dd036547
SHIP_DVIDS_003_7cfce74c3627db1b,SHIP_DVIDS_003,DVIDS,02_processed/frames/ship_like/DVIDS/20260426/SHIP_DVIDS_003/frame_000135.jpg,135,135,1280,720,lounge,none,synth_background,train,good,with_human,070dba9a8485d9bfb59cfb80a915cd84eb0c10681fce6bb9f755bb5a328e23e6
SHIP_DVIDS_003_97a63807605ecdc6,SHIP_DVIDS_003,DVIDS,02_processed/frames/ship_like/DVIDS/20260426/SHIP_DVIDS_003/frame_000136.jpg,136,136,1280,720,lounge,none,synth_background,train,good,with_human,b1e11efa5503efe8b02db17ec673954ac2f936934019dc71ba6713f533a6ea96
SHIP_DVIDS_003_cb85ec369c5b6d36,SHIP_DVIDS_003,DVIDS,02_processed/frames/ship_like/DVIDS/20260426/SHIP_DVIDS_003/frame_000137.jpg,137,137,1280,720,lounge,none,synth_background,train,good,with_human,c6ed6b4a7a50e144bf469b03d5688d305b86cfd2dfe23762fc28325520df9d2c
SHIP_DVIDS_003_27ca0948f5c2b4bc,SHIP_DVIDS_003,DVIDS,02_processed/frames/ship_like/DVIDS/20260426/SHIP_DVIDS_003/frame_000138.jpg,138,138,1280,720,exterior_or_unknown,none,exclude,exclude,exclude,,9dd44814b3b58c3841e6aa85af3a114c5f961fd0c8cbcb461082e9dc0e04dd92
SHIP_DVIDS_003_6cc1b1a3ef3c6e70,SHIP_DVIDS_003,DVIDS,02_processed/frames/ship_like/DVIDS/20260426/SHIP_DVIDS_003/frame_000139.jpg,139,139,1280,720,exterior_or_unknown,none,exclude,exclude,exclude,,2f03a348f4f51a8c4569885011891ea6ecddd04bfedce0d9cf1f1e442615e971
SHIP_DVIDS_003_db482da4829a0e6b,SHIP_DVIDS_003,DVIDS,02_processed/frames/ship_like/DVIDS/20260426/SHIP_DVIDS_003/frame_000140.jpg,140,140,1280,720,exterior_or_unknown,none,exclude,exclude,exclude,,56dac5ead4433967eae5ab35f66b9bd30e51b03ec9209430d6ad29eba9c7a1e8
SHIP_DVIDS_003_324e768da270b135,SHIP_DVIDS_003,DVIDS,02_processed/frames/ship_like/DVIDS/20260426/SHIP_DVIDS_003/frame_000141.jpg,141,141,1280,720,exterior_or_unknown,none,exclude,exclude,exclude,,828fa31ec68a5ac65db948b5775466d25056b3a07c8d2dd98c34905930683cc9
SHIP_DVIDS_003_244013f5800df916,SHIP_DVIDS_003,DVIDS,02_processed/frames/ship_like/DVIDS/20260426/SHIP_DVIDS_003/frame_000142.jpg,142,142,1280,720,exterior_or_unknown,none,exclude,exclude,exclude,,1baa50c241ce21cb8b59d2ccb7878d7a97ff15025c3fd15b33586361daedb4fc
SHIP_DVIDS_003_eb5327a176cf1a85,SHIP_DVIDS_003,DVIDS,02_processed/frames/ship_like/DVIDS/20260426/SHIP_DVIDS_003/frame_000143.jpg,143,143,1280,720,exterior_or_unknown,none,exclude,exclude,exclude,,5d729a64e1f0bce354c25d8a6fad0d7692e27c8e35ca12890940587a31b3efdc
SHIP_DVIDS_003_8f1af5f1cfad064b,SHIP_DVIDS_003,DVIDS,02_processed/frames/ship_like/DVIDS/20260426/SHIP_DVIDS_003/frame_000144.jpg,144,144,1280,720,exterior_or_unknown,none,exclude,exclude,exclude,,6f7d7644ad9b744b7b0c0578a687be7fa94d1a4a1a969b7a3e6d9f365cf734d7
SHIP_DVIDS_003_756171ea3836845e,SHIP_DVIDS_003,DVIDS,02_processed/frames/ship_like/DVIDS/20260426/SHIP_DVIDS_003/frame_000145.jpg,145,145,1280,720,exterior_or_unknown,none,exclude,exclude,exclude,,618cba2becd0a317cab759223446893df6c370fc78b66a0ddc768aeb540fffc0
SHIP_DVIDS_003_91309959148b8360,SHIP_DVIDS_003,DVIDS,02_processed/frames/ship_like/DVIDS/20260426/SHIP_DVIDS_003/frame_000146.jpg,146,146,1280,720,exterior_or_unknown,none,exclude,exclude,exclude,,039abef35bc2c13b20d56568e816e1b1938e0563e609df51e1b0e547f71be0bc
SHIP_DVIDS_003_8d8d890f1f64d838,SHIP_DVIDS_003,DVIDS,02_processed/frames/ship_like/DVIDS/20260426/SHIP_DVIDS_003/frame_000147.jpg,147,147,1280,720,exterior_or_unknown,none,exclude,exclude,exclude,,8b8b8cdace011268105207c626218b9509290b45ca67954b465396aa14479082
SHIP_DVIDS_003_01444dba3fca0995,SHIP_DVIDS_003,DVIDS,02_processed/frames/ship_like/DVIDS/20260426/SHIP_DVIDS_003/frame_000148.jpg,148,148,1280,720,exterior_or_unknown,none,exclude,exclude,exclude,,5a35f5ca449457712a5cc7dc16cdd39547e5c73315f87d090e19ca39195d41e7
SHIP_DVIDS_003_ada9c435bb1575ca,SHIP_DVIDS_003,DVIDS,02_processed/frames/ship_like/DVIDS/20260426/SHIP_DVIDS_003/frame_000149.jpg,149,149,1280,720,exterior_or_unknown,none,exclude,exclude,exclude,,a0d4ca1a8f3051050b704236ef89a4093f285bb98d485200f3b7f46e03d4d77e
SHIP_DVIDS_003_d84c6850c9341170,SHIP_DVIDS_003,DVIDS,02_processed/frames/ship_like/DVIDS/20260426/SHIP_DVIDS_003/frame_000150.jpg,150,150,1280,720,exterior_or_unknown,none,exclude,exclude,exclude,,653d5ec3fd4cadb914835eb57b5519fca4c9c78757424ba7e79a8d085eea8555
SHIP_DVIDS_003_b983dc242d6877d7,SHIP_DVIDS_003,DVIDS,02_processed/frames/ship_like/DVIDS/20260426/SHIP_DVIDS_003/frame_000151.jpg,151,151,1280,720,exterior_or_unknown,none,exclude,exclude,exclude,,bed7ea8c43754f6f9da0c152d2cf8e31c0ce97f635eaf25a988f8af8622486d3
SHIP_DVIDS_003_260f6f23b1f7b0de,SHIP_DVIDS_003,DVIDS,02_processed/frames/ship_like/DVIDS/20260426/SHIP_DVIDS_003/frame_000152.jpg,152,152,1280,720,exterior_or_unknown,none,exclude,exclude,exclude,,e5e8d0f64dae1eb22665d17dcf5a4748de4cbd806f8c704d1ab178753ff3e109
SHIP_DVIDS_003_62fe3032a1eabf10,SHIP_DVIDS_003,DVIDS,02_processed/frames/ship_like/DVIDS/20260426/SHIP_DVIDS_003/frame_000153.jpg,153,153,1280,720,exterior_or_unknown,none,exclude,exclude,exclude,,d26f2d3dd9d0a666cdf57b98790fd9999aa1460e103eeb9154978a0cb76912b2
SHIP_DVIDS_003_b3f0218b56aa41c7,SHIP_DVIDS_003,DVIDS,02_processed/frames/ship_like/DVIDS/20260426/SHIP_DVIDS_003/frame_000154.jpg,154,154,1280,720,exterior_or_unknown,none,exclude,exclude,exclude,,3ba92568f46a3c9c66b7f5cd834ed21c7580bebe0228801682ae8d8e0b4a477b
SHIP_DVIDS_003_716345de5c9d85c9,SHIP_DVIDS_003,DVIDS,02_processed/frames/ship_like/DVIDS/20260426/SHIP_DVIDS_003/frame_000155.jpg,155,155,1280,720,exterior_or_unknown,none,exclude,exclude,exclude,,d452cdcaeae1e4e1953c9558e1f3bb3ab01a46cde373ecf41b8d58ada7537721
SHIP_DVIDS_003_b083f00f72f81f7b,SHIP_DVIDS_003,DVIDS,02_processed/frames/ship_like/DVIDS/20260426/SHIP_DVIDS_003/frame_000156.jpg,156,156,1280,720,exterior_or_unknown,none,exclude,exclude,exclude,,610ef4b4c336c411a930249dc28a948652343ee07274bcca2f7e84ff1635bfd3
SHIP_DVIDS_003_810fb01e0458d551,SHIP_DVIDS_003,DVIDS,02_processed/frames/ship_like/DVIDS/20260426/SHIP_DVIDS_003/frame_000157.jpg,157,157,1280,720,exterior_or_unknown,none,exclude,exclude,exclude,,8a3c42285dfaf0f77553c200fbd9f0704af5871d9af2f969a29c43a52b2e5bad
SHIP_DVIDS_003_a83dc9f949a8af91,SHIP_DVIDS_003,DVIDS,02_processed/frames/ship_like/DVIDS/20260426/SHIP_DVIDS_003/frame_000158.jpg,158,158,1280,720,exterior_or_unknown,none,exclude,exclude,exclude,,286d1e3cf26be965a0a0df8c03508eac2b9d665288a34d8c7507610c455e88d8
SHIP_DVIDS_003_bbd5a8761272274f,SHIP_DVIDS_003,DVIDS,02_processed/frames/ship_like/DVIDS/20260426/SHIP_DVIDS_003/frame_000159.jpg,159,159,1280,720,exterior_or_unknown,none,exclude,exclude,exclude,,b3b2b7ebbf88a020d7f72a2f6a2767af336444007bfb5bd55a8f6a01c6186f11
SHIP_DVIDS_003_0054a72494f0fd23,SHIP_DVIDS_003,DVIDS,02_processed/frames/ship_like/DVIDS/20260426/SHIP_DVIDS_003/frame_000160.jpg,160,160,1280,720,exterior_or_unknown,none,exclude,exclude,exclude,,a1e83da50548d30901c42023d45dee4ac4c75110cd02b508f6c33843c91aecec
SHIP_DVIDS_003_56385d39ad8117b8,SHIP_DVIDS_003,DVIDS,02_processed/frames/ship_like/DVIDS/20260426/SHIP_DVIDS_003/frame_000161.jpg,161,161,1280,720,exterior_or_unknown,none,exclude,exclude,exclude,,e47faff0cd29e055a85b0267f2e6704a1633275867f2c74e13afc3447517c427
SHIP_DVIDS_003_b195dbb34dd0d04d,SHIP_DVIDS_003,DVIDS,02_processed/frames/ship_like/DVIDS/20260426/SHIP_DVIDS_003/frame_000162.jpg,162,162,1280,720,exterior_or_unknown,none,exclude,exclude,exclude,,0b24d3bf2e699e5a22ecddb13d9e0bc0aad76efbe38ae004992c297f5f092139
SHIP_DVIDS_003_35e7a63c606a0dc1,SHIP_DVIDS_003,DVIDS,02_processed/frames/ship_like/DVIDS/20260426/SHIP_DVIDS_003/frame_000163.jpg,163,163,1280,720,exterior_or_unknown,none,exclude,exclude,exclude,,e5f6d849fec16271c9f42f168fa1963f6fcc0ad82536d226e4e83a2898b6584e
SHIP_DVIDS_003_eb58c70a74feedcf,SHIP_DVIDS_003,DVIDS,02_processed/frames/ship_like/DVIDS/20260426/SHIP_DVIDS_003/frame_000164.jpg,164,164,1280,720,exterior_or_unknown,none,exclude,exclude,exclude,,87650937a96494c49365a234bad836f04d02e5a2d42a6a4a1e0d06ff586b354b
SHIP_DVIDS_003_739eb0ffec2a9921,SHIP_DVIDS_003,DVIDS,02_processed/frames/ship_like/DVIDS/20260426/SHIP_DVIDS_003/frame_000165.jpg,165,165,1280,720,exterior_or_unknown,none,exclude,exclude,exclude,,6cdee9acc4ac92a6c806b764777732f1593aa6cbb86e368e62c1b8b60eb8ff17
SHIP_DVIDS_003_9d0e5c63a5aa7ed0,SHIP_DVIDS_003,DVIDS,02_processed/frames/ship_like/DVIDS/20260426/SHIP_DVIDS_003/frame_000166.jpg,166,166,1280,720,exterior_or_unknown,none,exclude,exclude,exclude,,407d14f40ba32670ce8180e9cbd4f7a4270daba3c654bf91bd51b39b35e434ab
SHIP_DVIDS_003_1830c041e1095719,SHIP_DVIDS_003,DVIDS,02_processed/frames/ship_like/DVIDS/20260426/SHIP_DVIDS_003/frame_000167.jpg,167,167,1280,720,exterior_or_unknown,none,exclude,exclude,exclude,,a3256213ca6905f4c809e5cbaefa68bbe55a6b71edbcef63198a14277252bdc8
SHIP_DVIDS_003_d387f614fb0248ad,SHIP_DVIDS_003,DVIDS,02_processed/frames/ship_like/DVIDS/20260426/SHIP_DVIDS_003/frame_000168.jpg,168,168,1280,720,exterior_or_unknown,none,exclude,exclude,exclude,,364d6c06123c65e11558b0345d128b74bc3435d661d6d7bcfd5fcebe6f799ff3
SHIP_DVIDS_003_d39b43837eabf2b5,SHIP_DVIDS_003,DVIDS,02_processed/frames/ship_like/DVIDS/20260426/SHIP_DVIDS_003/frame_000169.jpg,169,169,1280,720,exterior_or_unknown,none,exclude,exclude,exclude,,28d41a364adc8fb1c5bba2288c5929de5fab4b6690a15277e89180f03027e56c
SHIP_DVIDS_003_86e16578f3d391b2,SHIP_DVIDS_003,DVIDS,02_processed/frames/ship_like/DVIDS/20260426/SHIP_DVIDS_003/frame_000170.jpg,170,170,1280,720,exterior_or_unknown,none,exclude,exclude,exclude,,d99346fa4d4979afa0e8c7e71875df447ec43587c82f00d5d862982effed0dcf
SHIP_DVIDS_003_cfa798079fb04d34,SHIP_DVIDS_003,DVIDS,02_processed/frames/ship_like/DVIDS/20260426/SHIP_DVIDS_003/frame_000171.jpg,171,171,1280,720,exterior_or_unknown,none,exclude,exclude,exclude,,7434f9a32d5c2911ba2258c2d7796b493ebf49837b2c038ecf42a96294807db5
SHIP_DVIDS_003_651756b50ba0523d,SHIP_DVIDS_003,DVIDS,02_processed/frames/ship_like/DVIDS/20260426/SHIP_DVIDS_003/frame_000172.jpg,172,172,1280,720,door,none,synth_background,train,good,,6767b32595dd61a42ef1b3984ed569c714e93ad46f207681106d0d55e9151f31
SHIP_DVIDS_003_a76e977a7f138d8f,SHIP_DVIDS_003,DVIDS,02_processed/frames/ship_like/DVIDS/20260426/SHIP_DVIDS_003/frame_000173.jpg,173,173,1280,720,door,none,synth_background,train,good,,5e6fa251da3671db1ab4b3c8279940029a39e7f465b9af73c1e7fb6d0b9caada
SHIP_DVIDS_003_6fc494489013e8ba,SHIP_DVIDS_003,DVIDS,02_processed/frames/ship_like/DVIDS/20260426/SHIP_DVIDS_003/frame_000174.jpg,174,174,1280,720,door,none,synth_background,train,good,with_human,8e248ad86f878d48652b3b325c419513fc9b531a03c6a448cb9881afd37ec0b1
SHIP_DVIDS_003_308614ccd58db171,SHIP_DVIDS_003,DVIDS,02_processed/frames/ship_like/DVIDS/20260426/SHIP_DVIDS_003/frame_000175.jpg,175,175,1280,720,door,none,synth_background,train,good,with_human,340463c051acff2713d42f9fec175e602b499109a728c9beb91f18ac8888115d
SHIP_DVIDS_003_7a546600784ea35d,SHIP_DVIDS_003,DVIDS,02_processed/frames/ship_like/DVIDS/20260426/SHIP_DVIDS_003/frame_000176.jpg,176,176,1280,720,door,none,synth_background,train,good,with_human,8c36538e196ac87c3b2786040d82e9c06c2e1a35ed0ebe0adf3f0f092c65d7b3
SHIP_DVIDS_003_bf05984bf9908a54,SHIP_DVIDS_003,DVIDS,02_processed/frames/ship_like/DVIDS/20260426/SHIP_DVIDS_003/frame_000177.jpg,177,177,1280,720,engine_room,none,synth_background,train,good,with_human,a5304022d208cb943a51b0f827efe9117e756939b79673186075c18c68b94c22
SHIP_DVIDS_003_db31ad7a0e7994cc,SHIP_DVIDS_003,DVIDS,02_processed/frames/ship_like/DVIDS/20260426/SHIP_DVIDS_003/frame_000178.jpg,178,178,1280,720,engine_room,none,synth_background,train,good,with_human,15b4e2f4fcbda4b50280674cf86cf5d5e336d8ee081135f4d35cdbb66f67f403
SHIP_DVIDS_003_118e815b34a07df0,SHIP_DVIDS_003,DVIDS,02_processed/frames/ship_like/DVIDS/20260426/SHIP_DVIDS_003/frame_000179.jpg,179,179,1280,720,engine_room,none,synth_background,train,good,with_human,b9e595b9428bd0c5458f0e8ada566ffea424996e46d2298e2872b27881360346
SHIP_DVIDS_003_75ca5e1765c263cf,SHIP_DVIDS_003,DVIDS,02_processed/frames/ship_like/DVIDS/20260426/SHIP_DVIDS_003/frame_000180.jpg,180,180,1280,720,engine_room,none,synth_background,train,good,with_human,98dad38a44b0e2d293be5fc81732239117c04d93aab8fbc7a4bc63499302c7b0
SHIP_DVIDS_003_51e82936ca307ed0,SHIP_DVIDS_003,DVIDS,02_processed/frames/ship_like/DVIDS/20260426/SHIP_DVIDS_003/frame_000181.jpg,181,181,1280,720,engine_room,none,synth_background,train,good,with_human,563ca6ff39a87dd34b5df0697c0e6cc80f5ffca151feef957361be074350f8f6
SHIP_DVIDS_003_2d7d7fabaa6263af,SHIP_DVIDS_003,DVIDS,02_processed/frames/ship_like/DVIDS/20260426/SHIP_DVIDS_003/frame_000182.jpg,182,182,1280,720,engine_room,none,synth_background,train,good,with_human,df7437006f7dd150809dd9acf32149fe8bfe8fb4be5ecf65e31f763a0f48b405
SHIP_DVIDS_003_aae21ea13da7893b,SHIP_DVIDS_003,DVIDS,02_processed/frames/ship_like/DVIDS/20260426/SHIP_DVIDS_003/frame_000183.jpg,183,183,1280,720,engine_room,none,synth_background,train,good,with_human,b072e7c335faa46c74077d51105844e9d9b9a9d5a4faa48881b73f43583ebcb9
SHIP_DVIDS_003_7f0baa6a3bd48125,SHIP_DVIDS_003,DVIDS,02_processed/frames/ship_like/DVIDS/20260426/SHIP_DVIDS_003/frame_000184.jpg,184,184,1280,720,engine_room,red_clothes,synth_background,train,good,with_human,7076342bebf6cbfda93cb456c5d2855e41f90481641dd4ed7642a94c1b434d84
SHIP_DVIDS_003_e4a428fce2fc4e12,SHIP_DVIDS_003,DVIDS,02_processed/frames/ship_like/DVIDS/20260426/SHIP_DVIDS_003/frame_000185.jpg,185,185,1280,720,engine_room,red_clothes,synth_background,train,good,with_human,4bbdde935c6ef56be9b9eef8830951685c6c8093eab5ad427c99efae62851c7f
SHIP_DVIDS_003_818b4efff901d5ce,SHIP_DVIDS_003,DVIDS,02_processed/frames/ship_like/DVIDS/20260426/SHIP_DVIDS_003/frame_000186.jpg,186,186,1280,720,engine_room,red_clothes,synth_background,train,good,with_human,993bb9a253cb3ba0bd06f9001d235d79df5f2560c5fd389dec2919adfdeb3eb6
SHIP_DVIDS_003_7d5aef95d6b2f458,SHIP_DVIDS_003,DVIDS,02_processed/frames/ship_like/DVIDS/20260426/SHIP_DVIDS_003/frame_000187.jpg,187,187,1280,720,engine_room,none,synth_background,train,good,with_human,09fe019c2539165da5b21be15a2f05d6e3b2f199a0635e990833193648399774
SHIP_DVIDS_003_c5052c29a4faa2d6,SHIP_DVIDS_003,DVIDS,02_processed/frames/ship_like/DVIDS/20260426/SHIP_DVIDS_003/frame_000188.jpg,188,188,1280,720,engine_room,none,synth_background,train,good,with_human,4c1a526862582a141cdca2ad9cf05fa309fae568bcc7adebb2c280f648bfd57d
SHIP_DVIDS_003_ed3146ec0d84954d,SHIP_DVIDS_003,DVIDS,02_processed/frames/ship_like/DVIDS/20260426/SHIP_DVIDS_003/frame_000189.jpg,189,189,1280,720,engine_room,none,synth_background,train,good,with_human,1fa7e809e56d141b38896323516a6fcd5b5b3f1ffcfb369d193ebb35839fe1da
SHIP_DVIDS_003_dff480919caae601,SHIP_DVIDS_003,DVIDS,02_processed/frames/ship_like/DVIDS/20260426/SHIP_DVIDS_003/frame_000190.jpg,190,190,1280,720,engine_room,none,synth_background,train,good,with_human,aed6d1ebdee1bf91bda756a34737bf171fba7a020b8c004626f73f8e67503bd4
SHIP_DVIDS_003_23fe435c244cf3c2,SHIP_DVIDS_003,DVIDS,02_processed/frames/ship_like/DVIDS/20260426/SHIP_DVIDS_003/frame_000191.jpg,191,191,1280,720,exterior_or_unknown,none,exclude,exclude,exclude,,78715f6eeb04875e44fdd0d6d5c41a692c1a5e101a9f739aa106357e2f4ad02c
SHIP_DVIDS_003_ae1ebdb2c8873625,SHIP_DVIDS_003,DVIDS,02_processed/frames/ship_like/DVIDS/20260426/SHIP_DVIDS_003/frame_000192.jpg,192,192,1280,720,exterior_or_unknown,none,exclude,exclude,exclude,,8432e89067caa765cf6bfccd381d687e048e7563cb29f11fa8afc9f6a21a6d4c
SHIP_DVIDS_003_ee3686a7a36438d2,SHIP_DVIDS_003,DVIDS,02_processed/frames/ship_like/DVIDS/20260426/SHIP_DVIDS_003/frame_000193.jpg,193,193,1280,720,engine_room,red_wall,hard_negative_eval,train,good,with_human,bca0b182881c855f05a20e5a92756b36b59ceda4329f97aaea4c8f659a18266d
SHIP_DVIDS_003_61ae59adbe908bfe,SHIP_DVIDS_003,DVIDS,02_processed/frames/ship_like/DVIDS/20260426/SHIP_DVIDS_003/frame_000194.jpg,194,194,1280,720,engine_room,red_wall,hard_negative_eval,train,good,with_human,b397cbc471cc3617f15110f27d7914b40fe9e15149c77262330fb9183c42c17f
SHIP_DVIDS_003_36916fe7df3a8d6e,SHIP_DVIDS_003,DVIDS,02_processed/frames/ship_like/DVIDS/20260426/SHIP_DVIDS_003/frame_000195.jpg,195,195,1280,720,engine_room,red_wall,hard_negative_eval,train,good,with_human,273be3cbb464a5c11b617c1c278e67537644d31ba99b2f13fd952ee2e2826724
SHIP_DVIDS_003_c7aabcc13716a54f,SHIP_DVIDS_003,DVIDS,02_processed/frames/ship_like/DVIDS/20260426/SHIP_DVIDS_003/frame_000196.jpg,196,196,1280,720,engine_room,red_wall,hard_negative_eval,train,good,with_human,838852b92d37c3581da3c354e3343c42f6f6570f60e3344431083ae51eca34b4
SHIP_DVIDS_003_a236a73e57cefc82,SHIP_DVIDS_003,DVIDS,02_processed/frames/ship_like/DVIDS/20260426/SHIP_DVIDS_003/frame_000197.jpg,197,197,1280,720,engine_room,red_wall,hard_negative_eval,train,good,with_human,2fc08a82b1649005eb8f184de483e238060fc30f341568d98196c171ca04fbc8
SHIP_DVIDS_003_208e67ee2097b75e,SHIP_DVIDS_003,DVIDS,02_processed/frames/ship_like/DVIDS/20260426/SHIP_DVIDS_003/frame_000198.jpg,198,198,1280,720,engine_room,red_wall,hard_negative_eval,train,good,with_human,a56c4a27bbfd26ff89c2adaff7fa66f5d8af9e1d88b2ab5567b512885ad613a7
SHIP_DVIDS_003_239871ff14c959a0,SHIP_DVIDS_003,DVIDS,02_processed/frames/ship_like/DVIDS/20260426/SHIP_DVIDS_003/frame_000199.jpg,199,199,1280,720,engine_room,red_wall,hard_negative_eval,train,good,with_human,55560ef5ebd2d5fc57225591cafc7c393310a0f204697fddadce6b9dc5149200
SHIP_DVIDS_003_51197b392e5ec610,SHIP_DVIDS_003,DVIDS,02_processed/frames/ship_like/DVIDS/20260426/SHIP_DVIDS_003/frame_000200.jpg,200,200,1280,720,engine_room,none,synth_background,train,good,with_human,e70880b6629d51f3081025985ecb9f33d386316e8d1f41fe8d8fe3a69e545d27
SHIP_DVIDS_003_f9e3f5fd102f7ebd,SHIP_DVIDS_003,DVIDS,02_processed/frames/ship_like/DVIDS/20260426/SHIP_DVIDS_003/frame_000201.jpg,201,201,1280,720,engine_room,none,synth_background,train,good,with_human,5114559db2d7b4da3f860f6e1be9c476b60c8911dfe3809c08ba37e56caa53f9
SHIP_DVIDS_003_7fa6ebd84892bca1,SHIP_DVIDS_003,DVIDS,02_processed/frames/ship_like/DVIDS/20260426/SHIP_DVIDS_003/frame_000202.jpg,202,202,1280,720,engine_room,none,synth_background,train,good,with_human,be48cb38770ff91a99652a144d66972323628bffe4447631429a8dacab5aa375
SHIP_DVIDS_003_09e56c02327df1f8,SHIP_DVIDS_003,DVIDS,02_processed/frames/ship_like/DVIDS/20260426/SHIP_DVIDS_003/frame_000203.jpg,203,203,1280,720,engine_room,none,synth_background,train,good,with_human,afebd324c1811cf5f3247f4bde4d55e84a456720a0a55dafc83b6f97cfd3d954
SHIP_DVIDS_003_bc1b5e10aa3e057d,SHIP_DVIDS_003,DVIDS,02_processed/frames/ship_like/DVIDS/20260426/SHIP_DVIDS_003/frame_000204.jpg,204,204,1280,720,engine_room,none,synth_background,train,good,with_human,5b93149bdec59e7ce43120d57d02c630f1c7a8b5f394d93a0fada15e82ed56c3
SHIP_DVIDS_003_2ded43c971a1ef94,SHIP_DVIDS_003,DVIDS,02_processed/frames/ship_like/DVIDS/20260426/SHIP_DVIDS_003/frame_000205.jpg,205,205,1280,720,engine_room,none,synth_background,train,good,with_human,8ce578578cf43622795165957fea56d79a8e4606c09275783b6b1c713d408ef4
SHIP_DVIDS_003_84bd8dc18fd85730,SHIP_DVIDS_003,DVIDS,02_processed/frames/ship_like/DVIDS/20260426/SHIP_DVIDS_003/frame_000206.jpg,206,206,1280,720,exterior_or_unknown,none,exclude,exclude,exclude,,0c5c8ff6395ea97e1c1b1e9ffbd3a61875de0ec50767e03920ed5595945a4a61
SHIP_DVIDS_003_8d912f0678ddf81b,SHIP_DVIDS_003,DVIDS,02_processed/frames/ship_like/DVIDS/20260426/SHIP_DVIDS_003/frame_000207.jpg,207,207,1280,720,exterior_or_unknown,none,exclude,exclude,exclude,,166634a8e62cb504c26eaec79137f08c32eb48009b37242eae624f96d62335c0
SHIP_DVIDS_003_2f033ccdd2520609,SHIP_DVIDS_003,DVIDS,02_processed/frames/ship_like/DVIDS/20260426/SHIP_DVIDS_003/frame_000208.jpg,208,208,1280,720,exterior_or_unknown,none,exclude,exclude,exclude,,f48d92a3bea8cb666e600145745b909d392cb3aeaedf20c100336cf0ff19ec24
SHIP_DVIDS_003_dc026405d2bd4c53,SHIP_DVIDS_003,DVIDS,02_processed/frames/ship_like/DVIDS/20260426/SHIP_DVIDS_003/frame_000209.jpg,209,209,1280,720,exterior_or_unknown,none,exclude,exclude,exclude,,a16b5a215ca6dc7a3a1b2c55a8bd845722b5b7831710d8ffb8b7818eb54ef74d
SHIP_DVIDS_003_6d8fd2978df73643,SHIP_DVIDS_003,DVIDS,02_processed/frames/ship_like/DVIDS/20260426/SHIP_DVIDS_003/frame_000210.jpg,210,210,1280,720,exterior_or_unknown,none,exclude,exclude,exclude,,d0338dfed43e2329d3e96104073334ec502645d78f35f72edd6cb25d2cd2afab
SHIP_DVIDS_003_2c0f24fbb827a4ab,SHIP_DVIDS_003,DVIDS,02_processed/frames/ship_like/DVIDS/20260426/SHIP_DVIDS_003/frame_000211.jpg,211,211,1280,720,exterior_or_unknown,none,exclude,exclude,exclude,,79268cd4c87cae1bbf0b39f98e0b3f2ad82a3ba7a0eb1d93f4af1e225c73a90c
SHIP_DVIDS_003_454856e13a14c385,SHIP_DVIDS_003,DVIDS,02_processed/frames/ship_like/DVIDS/20260426/SHIP_DVIDS_003/frame_000212.jpg,212,212,1280,720,exterior_or_unknown,none,exclude,exclude,exclude,,acbfe7f48667c204c60e4173527f781f17c5ac6bb504a58e76b47b9c5e027e1c
SHIP_DVIDS_003_6c4a34dc19fb5c7d,SHIP_DVIDS_003,DVIDS,02_processed/frames/ship_like/DVIDS/20260426/SHIP_DVIDS_003/frame_000213.jpg,213,213,1280,720,exterior_or_unknown,none,exclude,exclude,exclude,,aa7c4d3c16b0764ad9d26dfa0c4b15035b5641dd1a80840601e38b091f8a71b2
SHIP_DVIDS_003_183e9c39dc2b461f,SHIP_DVIDS_003,DVIDS,02_processed/frames/ship_like/DVIDS/20260426/SHIP_DVIDS_003/frame_000214.jpg,214,214,1280,720,exterior_or_unknown,none,exclude,exclude,exclude,,6c5ac417f719a0ad0eaac9fd3ba18cdb48448efc5d3676707b0b4a7e7e8886fe
SHIP_DVIDS_003_2fbaaf81fd541964,SHIP_DVIDS_003,DVIDS,02_processed/frames/ship_like/DVIDS/20260426/SHIP_DVIDS_003/frame_000215.jpg,215,215,1280,720,exterior_or_unknown,none,exclude,exclude,exclude,,a9a7c482af8078bac7be8770e2a98f820f569fce9d1acb0ff7f27f27f1ec0917
SHIP_DVIDS_004_768d12c071e3e5c5,SHIP_DVIDS_004,DVIDS,02_processed/frames/ship_like/DVIDS/20260426/SHIP_DVIDS_004/frame_000000.jpg,0,0,1280,720,exterior_or_unknown,none,exclude,exclude,exclude,,4bb4c69ee75c85583be00e4fd55fb083989f216fcf1f04ca87fd0cbbe78ebc20
SHIP_DVIDS_004_4af5800943c2b4ff,SHIP_DVIDS_004,DVIDS,02_processed/frames/ship_like/DVIDS/20260426/SHIP_DVIDS_004/frame_000001.jpg,1,1,1280,720,exterior_or_unknown,none,exclude,exclude,exclude,,27159e21c99debd38f08b9c63679dee3d628bda396e871af8981a87ca649603a
SHIP_DVIDS_004_6b1507c500cb1b32,SHIP_DVIDS_004,DVIDS,02_processed/frames/ship_like/DVIDS/20260426/SHIP_DVIDS_004/frame_000002.jpg,2,2,1280,720,exterior_or_unknown,none,exclude,exclude,exclude,,96911b470c2ac1967ed9d7dd60da07074d20358d022e9bbb226bb422d7ab4a1d
SHIP_DVIDS_004_c1759c34e824169c,SHIP_DVIDS_004,DVIDS,02_processed/frames/ship_like/DVIDS/20260426/SHIP_DVIDS_004/frame_000003.jpg,3,3,1280,720,exterior_or_unknown,none,exclude,exclude,exclude,,ac68270d885ca584b4ecb94c20952a195b1c964bdc8ca3cea52acc9bc568a4db
SHIP_DVIDS_004_59026e6f9e089880,SHIP_DVIDS_004,DVIDS,02_processed/frames/ship_like/DVIDS/20260426/SHIP_DVIDS_004/frame_000004.jpg,4,4,1280,720,exterior_or_unknown,none,exclude,exclude,exclude,,8b4adcff511125412b39e4ff63f11885b821d805b8c958c93820cea97ed7f2ef
SHIP_DVIDS_004_48613b5b64b30fde,SHIP_DVIDS_004,DVIDS,02_processed/frames/ship_like/DVIDS/20260426/SHIP_DVIDS_004/frame_000005.jpg,5,5,1280,720,exterior_or_unknown,none,exclude,exclude,exclude,,05b6f830ab0feadf0c73dfc5fd37d1c6cd91c8e6c0874e929ca47412d68273dc
SHIP_DVIDS_004_b1a5c4d66357b755,SHIP_DVIDS_004,DVIDS,02_processed/frames/ship_like/DVIDS/20260426/SHIP_DVIDS_004/frame_000006.jpg,6,6,1280,720,exterior_or_unknown,none,exclude,exclude,exclude,,8c3c7d737edd488c14736d83e0d33dda46210e426cc9ce91a55ea56d66017fab
SHIP_DVIDS_004_c7cc8918f0b3d21c,SHIP_DVIDS_004,DVIDS,02_processed/frames/ship_like/DVIDS/20260426/SHIP_DVIDS_004/frame_000007.jpg,7,7,1280,720,exterior_or_unknown,none,exclude,exclude,exclude,,4efea28cc9c9232d71ac0ba660cc368b9629bb23de25f755c7e993a32b978e06
SHIP_DVIDS_004_e3c904336a976010,SHIP_DVIDS_004,DVIDS,02_processed/frames/ship_like/DVIDS/20260426/SHIP_DVIDS_004/frame_000008.jpg,8,8,1280,720,exterior_or_unknown,none,exclude,exclude,exclude,,6b46c999fe9e57e0d44d1408d5efdb943d20ef2a6df04e77bebb491c11a8ed30
SHIP_DVIDS_004_3633477dab22165a,SHIP_DVIDS_004,DVIDS,02_processed/frames/ship_like/DVIDS/20260426/SHIP_DVIDS_004/frame_000009.jpg,9,9,1280,720,exterior_or_unknown,none,exclude,exclude,exclude,,5e34ea508dd907dccd7be34ff2dd7f27d62e158377f209ba305cf4e5014f5bd9
SHIP_DVIDS_004_02401c40fda00b5c,SHIP_DVIDS_004,DVIDS,02_processed/frames/ship_like/DVIDS/20260426/SHIP_DVIDS_004/frame_000010.jpg,10,10,1280,720,exterior_or_unknown,none,exclude,exclude,exclude,,e7a4accf3bb33348cb98f9b400523dcf0cac030e9da9a87ebefe60a944aead17
SHIP_DVIDS_004_3edb6aba0eb264b0,SHIP_DVIDS_004,DVIDS,02_processed/frames/ship_like/DVIDS/20260426/SHIP_DVIDS_004/frame_000011.jpg,11,11,1280,720,exterior_or_unknown,none,exclude,exclude,exclude,,8e84be3067b4497037fe5226c72b08df951ba880ef34a443d0d0356cbe31927f
SHIP_DVIDS_004_2772e7b76c38df41,SHIP_DVIDS_004,DVIDS,02_processed/frames/ship_like/DVIDS/20260426/SHIP_DVIDS_004/frame_000012.jpg,12,12,1280,720,exterior_or_unknown,none,exclude,exclude,exclude,,09c30c38b8502165411bc5e32a51cc95ff6f49907e65c14a3090c6b8eff755ef
SHIP_DVIDS_004_845f57342584f77d,SHIP_DVIDS_004,DVIDS,02_processed/frames/ship_like/DVIDS/20260426/SHIP_DVIDS_004/frame_000013.jpg,13,13,1280,720,exterior_or_unknown,none,exclude,exclude,exclude,,4b7e79027267430de4cc17374badcf92963186faec72c39c4246554f1160750e
SHIP_DVIDS_004_92eb6e0e03ea2f9d,SHIP_DVIDS_004,DVIDS,02_processed/frames/ship_like/DVIDS/20260426/SHIP_DVIDS_004/frame_000014.jpg,14,14,1280,720,exterior_or_unknown,none,exclude,exclude,exclude,,a1bb3d16533192943b3671593681dad54219053d2c3e8bf4f73cbd257fefc317
SHIP_DVIDS_004_b3ca885cc600f45e,SHIP_DVIDS_004,DVIDS,02_processed/frames/ship_like/DVIDS/20260426/SHIP_DVIDS_004/frame_000015.jpg,15,15,1280,720,exterior_or_unknown,none,exclude,exclude,exclude,,a80fd197a4d53b07104312c7ac6e733304ecc9479f33f3d69d6d1ec3c44522a1
SHIP_DVIDS_004_7a515454355ebf4d,SHIP_DVIDS_004,DVIDS,02_processed/frames/ship_like/DVIDS/20260426/SHIP_DVIDS_004/frame_000016.jpg,16,16,1280,720,exterior_or_unknown,none,exclude,exclude,exclude,,34d0d575faf1325831bb9f2d3720903126c2d7ebbcfd47f020fb25efa071f9be
SHIP_DVIDS_004_79e4476d339b9cd9,SHIP_DVIDS_004,DVIDS,02_processed/frames/ship_like/DVIDS/20260426/SHIP_DVIDS_004/frame_000017.jpg,17,17,1280,720,exterior_or_unknown,none,exclude,exclude,exclude,,c611b115b54d61ae050b73e61e71acae2f382643b19a5431a1e894397823fd0b
SHIP_DVIDS_004_71b5daed6eaa7956,SHIP_DVIDS_004,DVIDS,02_processed/frames/ship_like/DVIDS/20260426/SHIP_DVIDS_004/frame_000018.jpg,18,18,1280,720,exterior_or_unknown,none,exclude,exclude,exclude,,5a8c6dfbed7bf8fe7fc6effcb1a04217974c58b9a5064d59b2ef934d6029b44f
SHIP_DVIDS_004_905acadb2c4e40e9,SHIP_DVIDS_004,DVIDS,02_processed/frames/ship_like/DVIDS/20260426/SHIP_DVIDS_004/frame_000019.jpg,19,19,1280,720,exterior_or_unknown,none,exclude,exclude,exclude,,cd6e33254996b3bd798241dee293f336b485a678361aaed81d748d3b1d4710e4
SHIP_DVIDS_004_68a2c6f3d23a6708,SHIP_DVIDS_004,DVIDS,02_processed/frames/ship_like/DVIDS/20260426/SHIP_DVIDS_004/frame_000020.jpg,20,20,1280,720,exterior_or_unknown,none,exclude,exclude,exclude,,73dd42e720d62c8fb397164d07b64101cbd0ad37227f19ab5cbf1b6a3975298c
SHIP_DVIDS_004_2594f258a0cd9ad7,SHIP_DVIDS_004,DVIDS,02_processed/frames/ship_like/DVIDS/20260426/SHIP_DVIDS_004/frame_000021.jpg,21,21,1280,720,exterior_or_unknown,none,exclude,exclude,exclude,,70b7c6175a0662148bba24e195b7e9f6e4903d7720d40e58ed2a5651fd4ef230
SHIP_DVIDS_004_811d5502fab3bf5c,SHIP_DVIDS_004,DVIDS,02_processed/frames/ship_like/DVIDS/20260426/SHIP_DVIDS_004/frame_000022.jpg,22,22,1280,720,exterior_or_unknown,none,exclude,exclude,exclude,,9e01366940c46111294b289a66282843eda388c006db870971aae6b4f281292f
SHIP_DVIDS_004_3af7f9e2485100ca,SHIP_DVIDS_004,DVIDS,02_processed/frames/ship_like/DVIDS/20260426/SHIP_DVIDS_004/frame_000023.jpg,23,23,1280,720,exterior_or_unknown,none,exclude,exclude,exclude,,a82c01cba1fe0fa0359e9751e5871cf419ea420ce64df69f5899bb8872ace580
SHIP_DVIDS_004_6e39857b5b21a98e,SHIP_DVIDS_004,DVIDS,02_processed/frames/ship_like/DVIDS/20260426/SHIP_DVIDS_004/frame_000024.jpg,24,24,1280,720,exterior_or_unknown,none,exclude,exclude,exclude,,6ceb7c7d6068df222b55c972d032e45348542b2884eb90c5dae299247d991b71
SHIP_DVIDS_004_320b309a943010bf,SHIP_DVIDS_004,DVIDS,02_processed/frames/ship_like/DVIDS/20260426/SHIP_DVIDS_004/frame_000025.jpg,25,25,1280,720,exterior_or_unknown,none,exclude,exclude,exclude,,a9320e315df08dbde42967d6621f10987d0816d6673f9027399ebf95785f016f
SHIP_DVIDS_004_0628660bef73aa31,SHIP_DVIDS_004,DVIDS,02_processed/frames/ship_like/DVIDS/20260426/SHIP_DVIDS_004/frame_000026.jpg,26,26,1280,720,exterior_or_unknown,none,exclude,exclude,exclude,,12c5c9a563d73b0eb2484b812c49050f0402ed9223f3399da9647775cd961572
SHIP_DVIDS_004_0e2c32168799afef,SHIP_DVIDS_004,DVIDS,02_processed/frames/ship_like/DVIDS/20260426/SHIP_DVIDS_004/frame_000027.jpg,27,27,1280,720,exterior_or_unknown,none,exclude,exclude,exclude,,6c33a58f738e55c8d88fc66308d73eb5d700562d9aec3ea39f127dd185aeacb9
SHIP_DVIDS_004_a6fef793e46e9f03,SHIP_DVIDS_004,DVIDS,02_processed/frames/ship_like/DVIDS/20260426/SHIP_DVIDS_004/frame_000028.jpg,28,28,1280,720,exterior_or_unknown,none,exclude,exclude,exclude,,7a59288a755846d1572d9ee560bce87153025ada9e79d73ed6f1c54c321c2080
SHIP_DVIDS_004_39677ec53a334c81,SHIP_DVIDS_004,DVIDS,02_processed/frames/ship_like/DVIDS/20260426/SHIP_DVIDS_004/frame_000029.jpg,29,29,1280,720,exterior_or_unknown,none,exclude,exclude,exclude,,e8e180055e0861a3068ecb84df81a8f45158c690aa597957b6b92efecfc60efb
SHIP_DVIDS_004_339debf68b87e9e8,SHIP_DVIDS_004,DVIDS,02_processed/frames/ship_like/DVIDS/20260426/SHIP_DVIDS_004/frame_000030.jpg,30,30,1280,720,exterior_or_unknown,none,exclude,exclude,exclude,,99591dcc2a9e1c2360f8e9bbdbf036ac2dfa49ea8a5e238b441d0482e01e747b
SHIP_DVIDS_004_96c660ba96dc7c46,SHIP_DVIDS_004,DVIDS,02_processed/frames/ship_like/DVIDS/20260426/SHIP_DVIDS_004/frame_000031.jpg,31,31,1280,720,exterior_or_unknown,none,exclude,exclude,exclude,,6a9c4022834148dd415da579b85f85111503268ef76e0c95af306ac51d5d1af9
SHIP_DVIDS_004_b894aa8a8cc37188,SHIP_DVIDS_004,DVIDS,02_processed/frames/ship_like/DVIDS/20260426/SHIP_DVIDS_004/frame_000032.jpg,32,32,1280,720,exterior_or_unknown,none,exclude,exclude,exclude,,92dac33431506a4d76f4f60de013d27d2f1ea3f10953e33d63a513211eec7228
SHIP_DVIDS_004_81a0eb34993f9336,SHIP_DVIDS_004,DVIDS,02_processed/frames/ship_like/DVIDS/20260426/SHIP_DVIDS_004/frame_000033.jpg,33,33,1280,720,exterior_or_unknown,none,exclude,exclude,exclude,,8e8ba0fed18c59f19068dd368a6292dd9b3d96e7abb69e243d92ad76acd35c00
SHIP_DVIDS_004_8cad756eb8e48b13,SHIP_DVIDS_004,DVIDS,02_processed/frames/ship_like/DVIDS/20260426/SHIP_DVIDS_004/frame_000034.jpg,34,34,1280,720,exterior_or_unknown,none,exclude,exclude,exclude,,6f0023db693da8743365492341f3637abaa8d25b2a6db37322260830c168fcb1
SHIP_DVIDS_004_d2cac6694c892216,SHIP_DVIDS_004,DVIDS,02_processed/frames/ship_like/DVIDS/20260426/SHIP_DVIDS_004/frame_000035.jpg,35,35,1280,720,exterior_or_unknown,none,exclude,exclude,exclude,,de05c681779f3b4894d078afeb353fd84cb96ea3ed099987043eb88af899b131
SHIP_DVIDS_004_34ec744ecc357eed,SHIP_DVIDS_004,DVIDS,02_processed/frames/ship_like/DVIDS/20260426/SHIP_DVIDS_004/frame_000036.jpg,36,36,1280,720,exterior_or_unknown,none,exclude,exclude,exclude,,e7fe774169b1fbc4a2d22933039adc8d8801fe5141a1d2bff8de2e1078b98ebe
SHIP_DVIDS_004_608acb1ec153c67e,SHIP_DVIDS_004,DVIDS,02_processed/frames/ship_like/DVIDS/20260426/SHIP_DVIDS_004/frame_000037.jpg,37,37,1280,720,exterior_or_unknown,none,exclude,exclude,exclude,,2b8457343f5c90f5ac6c3dc42c2ece52d5e314076a0f935edb6bbd10a647bdfc
SHIP_DVIDS_004_bbf4da2ec4ea9d7d,SHIP_DVIDS_004,DVIDS,02_processed/frames/ship_like/DVIDS/20260426/SHIP_DVIDS_004/frame_000038.jpg,38,38,1280,720,exterior_or_unknown,none,exclude,exclude,exclude,,59428beb868a26e6deb2b98dfcf8a5e9fb6fb8e0ce94be243b4cd0993e3441b3
SHIP_DVIDS_004_25cafcfca881e1aa,SHIP_DVIDS_004,DVIDS,02_processed/frames/ship_like/DVIDS/20260426/SHIP_DVIDS_004/frame_000039.jpg,39,39,1280,720,exterior_or_unknown,none,exclude,exclude,exclude,,c7dd4c4bb1b7e9efbcb0f51e47e572773cfd8ac33e8ba2c667b9d5379c800806
SHIP_DVIDS_004_b91e976ac6bf1a23,SHIP_DVIDS_004,DVIDS,02_processed/frames/ship_like/DVIDS/20260426/SHIP_DVIDS_004/frame_000040.jpg,40,40,1280,720,exterior_or_unknown,none,exclude,exclude,exclude,,aa40bff27ad73cc57ee27f5c70e1f91196e11b1a6d1437b68afb7606f15d0df1
SHIP_DVIDS_004_a79589555691df7b,SHIP_DVIDS_004,DVIDS,02_processed/frames/ship_like/DVIDS/20260426/SHIP_DVIDS_004/frame_000041.jpg,41,41,1280,720,exterior_or_unknown,none,exclude,exclude,exclude,,8f389f9549084ed4b1833e44ca7a2d3015740b3b1df4005121bb70549066df8d
SHIP_DVIDS_004_4edfcaf3e61eada5,SHIP_DVIDS_004,DVIDS,02_processed/frames/ship_like/DVIDS/20260426/SHIP_DVIDS_004/frame_000042.jpg,42,42,1280,720,exterior_or_unknown,none,exclude,exclude,exclude,,bdb679eec2bb8b5023861e77f70727f69f237985f582d74d0d050cbdd633f62b
SHIP_DVIDS_004_1c5934da6c16ad31,SHIP_DVIDS_004,DVIDS,02_processed/frames/ship_like/DVIDS/20260426/SHIP_DVIDS_004/frame_000043.jpg,43,43,1280,720,exterior_or_unknown,none,exclude,exclude,exclude,,36d0235428ba7af3a32e85ed47fe267311490e229bd40ec33162845d01e97b42
SHIP_DVIDS_004_49111d0e8379f080,SHIP_DVIDS_004,DVIDS,02_processed/frames/ship_like/DVIDS/20260426/SHIP_DVIDS_004/frame_000044.jpg,44,44,1280,720,exterior_or_unknown,none,exclude,exclude,exclude,,cd887bd0d807b14ae779ed47be32b1805d753fc56c3cd8ba7e05b9fe68cfb0e4
SHIP_DVIDS_004_484122a8b85ca060,SHIP_DVIDS_004,DVIDS,02_processed/frames/ship_like/DVIDS/20260426/SHIP_DVIDS_004/frame_000045.jpg,45,45,1280,720,exterior_or_unknown,none,exclude,exclude,exclude,,719b86a68125ade7307fc1ac59e1196669102bfcee6d03269f0e967aa2f875ad
SHIP_DVIDS_004_cd1cb4f9506d1746,SHIP_DVIDS_004,DVIDS,02_processed/frames/ship_like/DVIDS/20260426/SHIP_DVIDS_004/frame_000046.jpg,46,46,1280,720,exterior_or_unknown,none,exclude,exclude,exclude,,44379674d116de4970e4c851752b0a85c7d13f64d10fef4f9cd59a9b1be02f30
SHIP_DVIDS_004_8faff3af0a294d5f,SHIP_DVIDS_004,DVIDS,02_processed/frames/ship_like/DVIDS/20260426/SHIP_DVIDS_004/frame_000047.jpg,47,47,1280,720,exterior_or_unknown,none,exclude,exclude,exclude,,4562085048250cdc1310c17a8bf9342b5243ff33385d451f66a7f1035a82520c
SHIP_DVIDS_004_2e83935e8e493e60,SHIP_DVIDS_004,DVIDS,02_processed/frames/ship_like/DVIDS/20260426/SHIP_DVIDS_004/frame_000048.jpg,48,48,1280,720,exterior_or_unknown,none,exclude,exclude,exclude,,d268a938836a72c487a335e55ccf287f7cabe81ab8316eab6039187252448e55
SHIP_DVIDS_004_4e8be26915f9999d,SHIP_DVIDS_004,DVIDS,02_processed/frames/ship_like/DVIDS/20260426/SHIP_DVIDS_004/frame_000049.jpg,49,49,1280,720,exterior_or_unknown,none,exclude,exclude,exclude,,2dc7f195ae7cfd1137aab30b0cd89beef0fb6c49bab4e78f46e78bf4abec6c2c
SHIP_DVIDS_004_9c0b5769bb4458fa,SHIP_DVIDS_004,DVIDS,02_processed/frames/ship_like/DVIDS/20260426/SHIP_DVIDS_004/frame_000050.jpg,50,50,1280,720,exterior_or_unknown,none,exclude,exclude,exclude,,3cff0887888787faf7f06f762294b73649dca4a77835028be6b0eeccd7bc9def
SHIP_DVIDS_004_75fe9be1cc3477ad,SHIP_DVIDS_004,DVIDS,02_processed/frames/ship_like/DVIDS/20260426/SHIP_DVIDS_004/frame_000051.jpg,51,51,1280,720,exterior_or_unknown,none,exclude,exclude,exclude,,0f49bf338daa5cd7c63a4341bf0054cbbffa68256358a16ce6536619368013a9
SHIP_DVIDS_004_17a720a7e76ea443,SHIP_DVIDS_004,DVIDS,02_processed/frames/ship_like/DVIDS/20260426/SHIP_DVIDS_004/frame_000052.jpg,52,52,1280,720,exterior_or_unknown,none,exclude,exclude,exclude,,a0597fce7938d215d9f7730f2f9c85062266853069ce36c4941678e71d52d22f
SHIP_DVIDS_004_74ad3da725773166,SHIP_DVIDS_004,DVIDS,02_processed/frames/ship_like/DVIDS/20260426/SHIP_DVIDS_004/frame_000053.jpg,53,53,1280,720,exterior_or_unknown,none,exclude,exclude,exclude,,2bfc1975d333c422f1738fe2d5075d5a4e9ea4bd11a78b2dca4916543e3606a0
SHIP_DVIDS_004_a685637ee02abc3b,SHIP_DVIDS_004,DVIDS,02_processed/frames/ship_like/DVIDS/20260426/SHIP_DVIDS_004/frame_000054.jpg,54,54,1280,720,exterior_or_unknown,none,exclude,exclude,exclude,,3aead10e652636429846adf3b16ec5633df6f379d9f5a4ccd045e0569c596e62
SHIP_DVIDS_004_d37e61b3cf0d90fb,SHIP_DVIDS_004,DVIDS,02_processed/frames/ship_like/DVIDS/20260426/SHIP_DVIDS_004/frame_000055.jpg,55,55,1280,720,exterior_or_unknown,none,exclude,exclude,exclude,,9e6a70f2bb115bc819848f2b3e0866fe304dcc383d4df69d66e28f78ff7ca875
SHIP_DVIDS_004_598b75ab62c3c7a0,SHIP_DVIDS_004,DVIDS,02_processed/frames/ship_like/DVIDS/20260426/SHIP_DVIDS_004/frame_000056.jpg,56,56,1280,720,exterior_or_unknown,none,exclude,exclude,exclude,,86edae0cd47ccdd448fa9227add537132375c84d7dc8a113804271c4b3f2b8e6
SHIP_DVIDS_004_aeafc8a748116524,SHIP_DVIDS_004,DVIDS,02_processed/frames/ship_like/DVIDS/20260426/SHIP_DVIDS_004/frame_000057.jpg,57,57,1280,720,exterior_or_unknown,none,exclude,exclude,exclude,,e9712b18a754e4cf1db9726fdcbd7d0a3421c004f7fffb568af238b31b2977e6
SHIP_DVIDS_004_e69d8070f008ef43,SHIP_DVIDS_004,DVIDS,02_processed/frames/ship_like/DVIDS/20260426/SHIP_DVIDS_004/frame_000058.jpg,58,58,1280,720,exterior_or_unknown,none,exclude,exclude,exclude,,d1e56c827a4fa358a1843845c48f73731234b2bb2cad16d1d98dc36fff9f27cc
SHIP_DVIDS_004_062124bd444cc385,SHIP_DVIDS_004,DVIDS,02_processed/frames/ship_like/DVIDS/20260426/SHIP_DVIDS_004/frame_000059.jpg,59,59,1280,720,exterior_or_unknown,none,exclude,exclude,exclude,,4c4e55cb2257dd1fb72b0b24a2d4ca43e6cb0347d37982a0c04b0b0b1ac8bfa1
SHIP_DVIDS_004_c72d37de2741956c,SHIP_DVIDS_004,DVIDS,02_processed/frames/ship_like/DVIDS/20260426/SHIP_DVIDS_004/frame_000060.jpg,60,60,1280,720,exterior_or_unknown,none,exclude,exclude,exclude,,b7e6a5ac582f1303dbabfbbc961075b334cdc2df7f763b09d0dfe3a87df1007c
SHIP_DVIDS_004_a14268e97863026a,SHIP_DVIDS_004,DVIDS,02_processed/frames/ship_like/DVIDS/20260426/SHIP_DVIDS_004/frame_000061.jpg,61,61,1280,720,exterior_or_unknown,none,exclude,exclude,exclude,,406c63f2353f8288633fb520625f5ec27b5619e55c2f6b3f7896cfa82cbc8ec1
SHIP_DVIDS_004_0b9bcd3d5da657ff,SHIP_DVIDS_004,DVIDS,02_processed/frames/ship_like/DVIDS/20260426/SHIP_DVIDS_004/frame_000062.jpg,62,62,1280,720,exterior_or_unknown,none,exclude,exclude,exclude,,c1f220656b1045a44703bfc8347d431e941498b192db08659273e066b801d47b
SHIP_DVIDS_004_52aee3261f98953c,SHIP_DVIDS_004,DVIDS,02_processed/frames/ship_like/DVIDS/20260426/SHIP_DVIDS_004/frame_000063.jpg,63,63,1280,720,exterior_or_unknown,none,exclude,exclude,exclude,,a718fccfad1d9e905e6e13f85a394a859b3ccd2481441ff4322f7e53e8ba679e
SHIP_DVIDS_004_4b09f01fdfcd3559,SHIP_DVIDS_004,DVIDS,02_processed/frames/ship_like/DVIDS/20260426/SHIP_DVIDS_004/frame_000064.jpg,64,64,1280,720,exterior_or_unknown,none,exclude,exclude,exclude,,1f7e91d85deb898cbd56ad9222033d886057ca65b8cc70514e57ff6be101b257
SHIP_DVIDS_004_9829f784042dcc30,SHIP_DVIDS_004,DVIDS,02_processed/frames/ship_like/DVIDS/20260426/SHIP_DVIDS_004/frame_000065.jpg,65,65,1280,720,exterior_or_unknown,none,exclude,exclude,exclude,,397365d96e65db4848381bb3ca09fb664cb3983486fd64e8951bfc8fa45376bc
SHIP_DVIDS_004_fcf87db712ef2ece,SHIP_DVIDS_004,DVIDS,02_processed/frames/ship_like/DVIDS/20260426/SHIP_DVIDS_004/frame_000066.jpg,66,66,1280,720,exterior_or_unknown,none,exclude,exclude,exclude,,308b7343a5d43ab56aeaeefc4139423c4dfcaf16e38fe54a96ac369bcc0cc170
SHIP_DVIDS_004_bfd9b07908653f79,SHIP_DVIDS_004,DVIDS,02_processed/frames/ship_like/DVIDS/20260426/SHIP_DVIDS_004/frame_000067.jpg,67,67,1280,720,exterior_or_unknown,none,exclude,exclude,exclude,,037f4e512682065582754027e21352b5b8a0074a2f3a57333c2f7999c018bc20
SHIP_DVIDS_004_01cb11d6c4b51e26,SHIP_DVIDS_004,DVIDS,02_processed/frames/ship_like/DVIDS/20260426/SHIP_DVIDS_004/frame_000068.jpg,68,68,1280,720,exterior_or_unknown,none,exclude,exclude,exclude,,96e1a94d842711487268197d549abd9e2a7c8155282239c4da8ae07dcbc85952
SHIP_DVIDS_004_e156e88ea80ca666,SHIP_DVIDS_004,DVIDS,02_processed/frames/ship_like/DVIDS/20260426/SHIP_DVIDS_004/frame_000069.jpg,69,69,1280,720,exterior_or_unknown,none,exclude,exclude,exclude,,f04a487c281ee1f2ed33bae53b91fe964cc8cc40f6c97d3b3e64b8e56bc61760
SHIP_DVIDS_004_d86be07db6213d80,SHIP_DVIDS_004,DVIDS,02_processed/frames/ship_like/DVIDS/20260426/SHIP_DVIDS_004/frame_000070.jpg,70,70,1280,720,exterior_or_unknown,none,exclude,exclude,exclude,,f81c6145186d59ec781414d1dcd41d91d596cc6eb771515e658b0457be3bcfd8
SHIP_DVIDS_004_ea38f7923e66bc03,SHIP_DVIDS_004,DVIDS,02_processed/frames/ship_like/DVIDS/20260426/SHIP_DVIDS_004/frame_000071.jpg,71,71,1280,720,exterior_or_unknown,none,exclude,exclude,exclude,,199b7a1624bf68f0dcf4b40875767d79633351fb50a1d0b1eb215bba81107ac8
SHIP_DVIDS_004_11b1afe4a50920ef,SHIP_DVIDS_004,DVIDS,02_processed/frames/ship_like/DVIDS/20260426/SHIP_DVIDS_004/frame_000072.jpg,72,72,1280,720,exterior_or_unknown,none,exclude,exclude,exclude,,1658ae2a54171d48a466d646f44700b1fc2166e78212795371436bc67d2ec887
SHIP_DVIDS_004_ef2f69093fad31fa,SHIP_DVIDS_004,DVIDS,02_processed/frames/ship_like/DVIDS/20260426/SHIP_DVIDS_004/frame_000073.jpg,73,73,1280,720,exterior_or_unknown,none,exclude,exclude,exclude,,e9644538a00c688c6bcf41ff2324219bf52fcb85cd50f1a9b374cea6950d84ec
SHIP_DVIDS_004_c1a5e6df256bd891,SHIP_DVIDS_004,DVIDS,02_processed/frames/ship_like/DVIDS/20260426/SHIP_DVIDS_004/frame_000074.jpg,74,74,1280,720,exterior_or_unknown,none,exclude,exclude,exclude,,52fbf02910c4fd95de27eb11028d7a7ae4cd3ed8ab967e6788d0feadcd6eea1d
SHIP_DVIDS_004_11cdd59a2ae4bd19,SHIP_DVIDS_004,DVIDS,02_processed/frames/ship_like/DVIDS/20260426/SHIP_DVIDS_004/frame_000075.jpg,75,75,1280,720,exterior_or_unknown,none,exclude,exclude,exclude,,117d64051f08b44315fcc7aaf3b7b2deb1c47e2a569367ccdc5fe0202d71e9e7
SHIP_DVIDS_004_f054cf4a284ee055,SHIP_DVIDS_004,DVIDS,02_processed/frames/ship_like/DVIDS/20260426/SHIP_DVIDS_004/frame_000076.jpg,76,76,1280,720,exterior_or_unknown,none,exclude,exclude,exclude,,44d8d8c9ecf2ec5d061d5dcbf4209dff1a4992826178acb36e03f8f66bf9317a
SHIP_DVIDS_004_f7f8cff7e4456612,SHIP_DVIDS_004,DVIDS,02_processed/frames/ship_like/DVIDS/20260426/SHIP_DVIDS_004/frame_000077.jpg,77,77,1280,720,exterior_or_unknown,none,exclude,exclude,exclude,,39d7317a2bab923f5e4a972ec34887047a6c9710e0e4b2d0a66645b9c6eb21eb
SHIP_DVIDS_004_2850379d343a5367,SHIP_DVIDS_004,DVIDS,02_processed/frames/ship_like/DVIDS/20260426/SHIP_DVIDS_004/frame_000078.jpg,78,78,1280,720,exterior_or_unknown,none,exclude,exclude,exclude,,6a2b469ffab8b2036e16a4c007eacb8e16b27aa247c944b0bb639072b792f06a
SHIP_DVIDS_004_b72fd2c3777fb78c,SHIP_DVIDS_004,DVIDS,02_processed/frames/ship_like/DVIDS/20260426/SHIP_DVIDS_004/frame_000079.jpg,79,79,1280,720,exterior_or_unknown,none,exclude,exclude,exclude,,ff7600edad4c737ce57ccdad8e95fe0ca2c1ef1986fc4d73637f19d6175229d8
SHIP_DVIDS_004_583ef965f6175ad1,SHIP_DVIDS_004,DVIDS,02_processed/frames/ship_like/DVIDS/20260426/SHIP_DVIDS_004/frame_000080.jpg,80,80,1280,720,exterior_or_unknown,none,exclude,exclude,exclude,,d966edf0d8bffadf7bfa6e9dda188f6f053b7eedc9ee887fc6305af8cbb85150
SHIP_DVIDS_004_362456a75c25f12e,SHIP_DVIDS_004,DVIDS,02_processed/frames/ship_like/DVIDS/20260426/SHIP_DVIDS_004/frame_000081.jpg,81,81,1280,720,exterior_or_unknown,none,exclude,exclude,exclude,,f56d433a509bb1d4a309478b683e71d282ce422fd7ae5d54e80b13f779a41214
SHIP_DVIDS_004_baa184019404a76a,SHIP_DVIDS_004,DVIDS,02_processed/frames/ship_like/DVIDS/20260426/SHIP_DVIDS_004/frame_000082.jpg,82,82,1280,720,exterior_or_unknown,none,exclude,exclude,exclude,,712445ba7473dedf406629d292285737a5b6983521dec19602f7cb023a3ca52a
SHIP_DVIDS_004_b0f1305d7a9235c0,SHIP_DVIDS_004,DVIDS,02_processed/frames/ship_like/DVIDS/20260426/SHIP_DVIDS_004/frame_000083.jpg,83,83,1280,720,exterior_or_unknown,none,exclude,exclude,exclude,,dedf81cede2800407be666b44665eb70a1d178a2c7f20afc79f1ef980f977c1c
SHIP_DVIDS_004_75e81b427a3454cc,SHIP_DVIDS_004,DVIDS,02_processed/frames/ship_like/DVIDS/20260426/SHIP_DVIDS_004/frame_000084.jpg,84,84,1280,720,exterior_or_unknown,none,exclude,exclude,exclude,,601b774d63be792597e2d1d4653fff36854ea38f502d124e55f98e09314471a5
SHIP_DVIDS_004_84aa68a40cbda9e9,SHIP_DVIDS_004,DVIDS,02_processed/frames/ship_like/DVIDS/20260426/SHIP_DVIDS_004/frame_000085.jpg,85,85,1280,720,exterior_or_unknown,none,exclude,exclude,exclude,,d6d61f569dbc756022117a0ff004b8ca150a603271f9ba7c05d11c4970a62bd0
SHIP_DVIDS_004_dc5508ea3c84bc2c,SHIP_DVIDS_004,DVIDS,02_processed/frames/ship_like/DVIDS/20260426/SHIP_DVIDS_004/frame_000086.jpg,86,86,1280,720,exterior_or_unknown,none,exclude,exclude,exclude,,8f9de304a59e9e8043a373e9a5f283a710a2cc8cfef350f47c81f6ab5ac03ecf
SHIP_DVIDS_004_89d78d204e416fa4,SHIP_DVIDS_004,DVIDS,02_processed/frames/ship_like/DVIDS/20260426/SHIP_DVIDS_004/frame_000087.jpg,87,87,1280,720,exterior_or_unknown,none,exclude,exclude,exclude,,3f92b918c5ebcb18fc6d4f16ec52fe4bed83e1236a781702f4ff4cc63039f6d0
SHIP_DVIDS_004_b1974fdb47b4a18c,SHIP_DVIDS_004,DVIDS,02_processed/frames/ship_like/DVIDS/20260426/SHIP_DVIDS_004/frame_000088.jpg,88,88,1280,720,exterior_or_unknown,none,exclude,exclude,exclude,,81e57329d038dddcaeb0359328f0b23e14b39883ba9e2d8885283723a4538b99
SHIP_DVIDS_004_1718f257fcc89f61,SHIP_DVIDS_004,DVIDS,02_processed/frames/ship_like/DVIDS/20260426/SHIP_DVIDS_004/frame_000089.jpg,89,89,1280,720,exterior_or_unknown,none,exclude,exclude,exclude,,79ecff480c6164620f73f568c2fbc2590aeabc5be5d2d697ad5fd4124567c64f
SHIP_DVIDS_004_fdcb208f1f075586,SHIP_DVIDS_004,DVIDS,02_processed/frames/ship_like/DVIDS/20260426/SHIP_DVIDS_004/frame_000090.jpg,90,90,1280,720,exterior_or_unknown,none,exclude,exclude,exclude,,2a0d26a3cdfd9f01c9a8c64c95c380cdad7c786eebf65b832e20b83ecefebf50
SHIP_DVIDS_004_81aaf0f156a85897,SHIP_DVIDS_004,DVIDS,02_processed/frames/ship_like/DVIDS/20260426/SHIP_DVIDS_004/frame_000091.jpg,91,91,1280,720,exterior_or_unknown,none,exclude,exclude,exclude,,e92d3cb95f0cefcf421f92b9cc2619b618ccb6da3a7f334f538c45d5e4e4a688
SHIP_DVIDS_004_e49b28945398c83d,SHIP_DVIDS_004,DVIDS,02_processed/frames/ship_like/DVIDS/20260426/SHIP_DVIDS_004/frame_000092.jpg,92,92,1280,720,exterior_or_unknown,none,exclude,exclude,exclude,,3c66867559d18545a7ffdc37cea4e359e441419579ebdee7735c49b0de94815e
SHIP_DVIDS_004_4049631fb4935636,SHIP_DVIDS_004,DVIDS,02_processed/frames/ship_like/DVIDS/20260426/SHIP_DVIDS_004/frame_000093.jpg,93,93,1280,720,exterior_or_unknown,none,exclude,exclude,exclude,,648426e817ae19c1ffd6b45e9d86d382421c2582cf7d670811f0e776e6479793
SHIP_DVIDS_004_6726d81b773acc93,SHIP_DVIDS_004,DVIDS,02_processed/frames/ship_like/DVIDS/20260426/SHIP_DVIDS_004/frame_000094.jpg,94,94,1280,720,exterior_or_unknown,none,exclude,exclude,exclude,,ae5208860abea7f3ee02641127070a20d705d671dbe04a48128fa28b28b328c5
SHIP_DVIDS_004_367276d7107a39c7,SHIP_DVIDS_004,DVIDS,02_processed/frames/ship_like/DVIDS/20260426/SHIP_DVIDS_004/frame_000095.jpg,95,95,1280,720,exterior_or_unknown,none,exclude,exclude,exclude,,29973102dd083bad4bc31327b8cc3b43dacd454aea93100d63ef334e785ad376
SHIP_DVIDS_004_ec4c825ddaa75909,SHIP_DVIDS_004,DVIDS,02_processed/frames/ship_like/DVIDS/20260426/SHIP_DVIDS_004/frame_000096.jpg,96,96,1280,720,exterior_or_unknown,none,exclude,exclude,exclude,,881442533094aaf1dca3ad603d3951defab326e16bd4e88a00bc08a8fae27342
SHIP_DVIDS_004_35e2f4f1bd9d0772,SHIP_DVIDS_004,DVIDS,02_processed/frames/ship_like/DVIDS/20260426/SHIP_DVIDS_004/frame_000097.jpg,97,97,1280,720,exterior_or_unknown,none,exclude,exclude,exclude,,1971da3df46aa8384f8a4254bf8e7f55349e723f862f84fe9e6d5573a49cde0a
SHIP_DVIDS_004_ce9d21dce7d95a4f,SHIP_DVIDS_004,DVIDS,02_processed/frames/ship_like/DVIDS/20260426/SHIP_DVIDS_004/frame_000098.jpg,98,98,1280,720,exterior_or_unknown,none,exclude,exclude,exclude,,44e143c26ef92cd12bd9df511779c6be1b454b43c887d5543e923f0763ec54ad
SHIP_DVIDS_004_e0207f14ef6f825b,SHIP_DVIDS_004,DVIDS,02_processed/frames/ship_like/DVIDS/20260426/SHIP_DVIDS_004/frame_000099.jpg,99,99,1280,720,exterior_or_unknown,none,exclude,exclude,exclude,,7d216f53330790d3812134c13bf4c581fb99c40bdf3b9ce503ea8e6d2971736f
SHIP_DVIDS_004_871bca73c9a9baca,SHIP_DVIDS_004,DVIDS,02_processed/frames/ship_like/DVIDS/20260426/SHIP_DVIDS_004/frame_000100.jpg,100,100,1280,720,exterior_or_unknown,none,exclude,exclude,exclude,,98cf26d89870c8215ee6f219ddfd2cd6cbbbb021980b106a672f207ca4bfdf10
SHIP_DVIDS_004_9844f49598d1aae5,SHIP_DVIDS_004,DVIDS,02_processed/frames/ship_like/DVIDS/20260426/SHIP_DVIDS_004/frame_000101.jpg,101,101,1280,720,exterior_or_unknown,none,exclude,exclude,exclude,,4c45860a85e7e6ecc249e3de80e878afd89ba3b585fddc19a2a85e23c9d650e8
SHIP_DVIDS_004_5e012f0863b4a222,SHIP_DVIDS_004,DVIDS,02_processed/frames/ship_like/DVIDS/20260426/SHIP_DVIDS_004/frame_000102.jpg,102,102,1280,720,exterior_or_unknown,none,exclude,exclude,exclude,,593359103430b004e6b8139f4a5f148551bdc9520208f9390558dc0953115c52
SHIP_DVIDS_004_4bcb8fbf7a9f6604,SHIP_DVIDS_004,DVIDS,02_processed/frames/ship_like/DVIDS/20260426/SHIP_DVIDS_004/frame_000103.jpg,103,103,1280,720,exterior_or_unknown,none,exclude,exclude,exclude,,4c9a8e5681803ff117bd170940e92499e74747456080415b43a35ad45c0b3f2c
SHIP_DVIDS_004_92c9fee29077552d,SHIP_DVIDS_004,DVIDS,02_processed/frames/ship_like/DVIDS/20260426/SHIP_DVIDS_004/frame_000104.jpg,104,104,1280,720,exterior_or_unknown,none,exclude,exclude,exclude,,7cc78743568f3afaaec4a6e7a75e8d2907d79c8ee95b47f7547331a3f88a3111
SHIP_DVIDS_004_7d711db651b9383c,SHIP_DVIDS_004,DVIDS,02_processed/frames/ship_like/DVIDS/20260426/SHIP_DVIDS_004/frame_000105.jpg,105,105,1280,720,exterior_or_unknown,none,exclude,exclude,exclude,,1398fdc7c97b3918a4aec693975df4cfcca2af4f9b443ad0e2075a864e6c1971
SHIP_DVIDS_004_896d2aa097df44e2,SHIP_DVIDS_004,DVIDS,02_processed/frames/ship_like/DVIDS/20260426/SHIP_DVIDS_004/frame_000106.jpg,106,106,1280,720,exterior_or_unknown,none,exclude,exclude,exclude,,25a9528826ceaf6e6b311ca95d86890153e42cb5abb83da8c7190acc60529f53
SHIP_DVIDS_004_138d194daa8f7324,SHIP_DVIDS_004,DVIDS,02_processed/frames/ship_like/DVIDS/20260426/SHIP_DVIDS_004/frame_000107.jpg,107,107,1280,720,exterior_or_unknown,none,exclude,exclude,exclude,,3ff6ebc3d14fb54587f6f362867cd593e82ca6170e724cf1a0e16b65ae0989c5
SHIP_DVIDS_004_69021cf09b81ee69,SHIP_DVIDS_004,DVIDS,02_processed/frames/ship_like/DVIDS/20260426/SHIP_DVIDS_004/frame_000108.jpg,108,108,1280,720,exterior_or_unknown,none,exclude,exclude,exclude,,75befb25c0a33378035d73cd6342700a461b9300dcff2adba1906ca00bc536f0
SHIP_DVIDS_004_47155cffec734497,SHIP_DVIDS_004,DVIDS,02_processed/frames/ship_like/DVIDS/20260426/SHIP_DVIDS_004/frame_000109.jpg,109,109,1280,720,exterior_or_unknown,none,exclude,exclude,exclude,,1b5a7b91468f6cc2b1faff41a47a2578a295a08f92a9f9fb528cc47983202ddc
SHIP_DVIDS_004_795a98d297da1825,SHIP_DVIDS_004,DVIDS,02_processed/frames/ship_like/DVIDS/20260426/SHIP_DVIDS_004/frame_000110.jpg,110,110,1280,720,exterior_or_unknown,none,exclude,exclude,exclude,,22493e5f5bf4377f8b8905bc17cb01c2d3980bf628aeb9c7ef484064826877cd
SHIP_DVIDS_004_12aca06a18e1bce1,SHIP_DVIDS_004,DVIDS,02_processed/frames/ship_like/DVIDS/20260426/SHIP_DVIDS_004/frame_000111.jpg,111,111,1280,720,exterior_or_unknown,none,exclude,exclude,exclude,,7d636e7ea99d7da0220f48a869fca5387b93f9fd57cb3f623e31b53f6d9a6a9a
SHIP_DVIDS_005_decf95d6bf0e3e6a,SHIP_DVIDS_005,DVIDS,02_processed/frames/ship_like/DVIDS/20260426/SHIP_DVIDS_005/still_000000.jpg,,0,5622,4016,stair,red_text,exclude,exclude,bad,,cb9c254d5615cf08fd415a7e13bbfa0d52f62b16ae7aba4121cf651f25eaba93
SHIP_DVIDS_006_3598b25ec7be1b14,SHIP_DVIDS_006,DVIDS,02_processed/frames/ship_like/DVIDS/20260426/SHIP_DVIDS_006/frame_000000.jpg,0,0,1280,720,exterior_or_unknown,none,exclude,exclude,exclude,,563621276c4ee67224d48abbe0accaef344dd4eddeea161063d087f1f07d432f
SHIP_DVIDS_006_1b545d6f7df459a6,SHIP_DVIDS_006,DVIDS,02_processed/frames/ship_like/DVIDS/20260426/SHIP_DVIDS_006/frame_000001.jpg,1,1,1280,720,exterior_or_unknown,none,exclude,exclude,exclude,,189dfc52fe83f330e038fafb69efd57fa876e5787b4221c8823d75499daec564
SHIP_DVIDS_006_0fddff3520b835ef,SHIP_DVIDS_006,DVIDS,02_processed/frames/ship_like/DVIDS/20260426/SHIP_DVIDS_006/frame_000002.jpg,2,2,1280,720,exterior_or_unknown,none,exclude,exclude,exclude,,05178e5f5921ea866b23bac08eb6be0a5c443bc46051909e408b315b24745cef
SHIP_DVIDS_006_3daeddd9780b0e65,SHIP_DVIDS_006,DVIDS,02_processed/frames/ship_like/DVIDS/20260426/SHIP_DVIDS_006/frame_000003.jpg,3,3,1280,720,exterior_or_unknown,none,exclude,exclude,exclude,,71d6d7efc228971dee025ab773febcfaced6c7b1b41ed589452838d773547f59
SHIP_DVIDS_006_6be1247b9e46ec1b,SHIP_DVIDS_006,DVIDS,02_processed/frames/ship_like/DVIDS/20260426/SHIP_DVIDS_006/frame_000004.jpg,4,4,1280,720,exterior_or_unknown,none,exclude,exclude,exclude,,ce03bb383ed1dd35bf88a139b4a1d8f3f5debb145f96f6197ac94d6fa4658098
SHIP_DVIDS_006_d4a6a71922366b09,SHIP_DVIDS_006,DVIDS,02_processed/frames/ship_like/DVIDS/20260426/SHIP_DVIDS_006/frame_000005.jpg,5,5,1280,720,exterior_or_unknown,none,exclude,exclude,exclude,,219db012144b2afe7423a3f3174de0c06ab010b23b211015944d2db9845b73d1
SHIP_DVIDS_006_d19b945b932fee51,SHIP_DVIDS_006,DVIDS,02_processed/frames/ship_like/DVIDS/20260426/SHIP_DVIDS_006/frame_000006.jpg,6,6,1280,720,exterior_or_unknown,none,exclude,exclude,exclude,,6120be00fd39db42c5ae2bbe8eeda237b30a05f1d48959b62b27c32a966141be
SHIP_DVIDS_006_e4706b59bc1ddf0c,SHIP_DVIDS_006,DVIDS,02_processed/frames/ship_like/DVIDS/20260426/SHIP_DVIDS_006/frame_000007.jpg,7,7,1280,720,exterior_or_unknown,none,exclude,exclude,exclude,,9a7787aa26e0e307eff23f13de5dc4db9daedcde0e7a886cd3379e101e75ac64
SHIP_DVIDS_006_2535a5e143f68c34,SHIP_DVIDS_006,DVIDS,02_processed/frames/ship_like/DVIDS/20260426/SHIP_DVIDS_006/frame_000008.jpg,8,8,1280,720,exterior_or_unknown,none,exclude,exclude,exclude,,58c0af1daf50d2f32ae2ca3aefb6b7e6ba99e355a93afe6d5f04e640c424de2f
SHIP_DVIDS_006_0d0c1835b321cd08,SHIP_DVIDS_006,DVIDS,02_processed/frames/ship_like/DVIDS/20260426/SHIP_DVIDS_006/frame_000009.jpg,9,9,1280,720,exterior_or_unknown,none,exclude,exclude,exclude,,d3b519a2a143aa5c14cf3de416b4cda4b9b3a28b3dad0cc144953318e9f3202f
SHIP_DVIDS_006_4050fe599d1f76b3,SHIP_DVIDS_006,DVIDS,02_processed/frames/ship_like/DVIDS/20260426/SHIP_DVIDS_006/frame_000010.jpg,10,10,1280,720,exterior_or_unknown,none,exclude,exclude,exclude,,609fd352d2b574e5b62ec13cd8644a803b53f39153bc7d207404a575ca84da82
SHIP_DVIDS_006_6b2a9d6823d8f033,SHIP_DVIDS_006,DVIDS,02_processed/frames/ship_like/DVIDS/20260426/SHIP_DVIDS_006/frame_000011.jpg,11,11,1280,720,exterior_or_unknown,none,exclude,exclude,exclude,,06bff123b860825726f65c51f9b376ff0c60c0c44d4e657cdba255926818704d
SHIP_DVIDS_006_6d9e1e8e5cd62dce,SHIP_DVIDS_006,DVIDS,02_processed/frames/ship_like/DVIDS/20260426/SHIP_DVIDS_006/frame_000012.jpg,12,12,1280,720,exterior_or_unknown,none,exclude,exclude,exclude,,c3d84a1dff61c680d84e7064220113765cd932683612c89347eebdaf2df4a0b5
SHIP_DVIDS_006_1b0f9b1b4becfeb6,SHIP_DVIDS_006,DVIDS,02_processed/frames/ship_like/DVIDS/20260426/SHIP_DVIDS_006/frame_000013.jpg,13,13,1280,720,exterior_or_unknown,none,exclude,exclude,exclude,,b62242e3846d7eb890cd81f14c08aa6176b959b6c5c9164534f33d9d1e5df3a0
SHIP_DVIDS_006_5e0044c5840e7539,SHIP_DVIDS_006,DVIDS,02_processed/frames/ship_like/DVIDS/20260426/SHIP_DVIDS_006/frame_000014.jpg,14,14,1280,720,exterior_or_unknown,none,exclude,exclude,exclude,,fd24e949bfe5731925013c6d8573be3f161609ef0ef0997f88b7891d1e6908b6
SHIP_DVIDS_006_17ded5cce7d57d7f,SHIP_DVIDS_006,DVIDS,02_processed/frames/ship_like/DVIDS/20260426/SHIP_DVIDS_006/frame_000015.jpg,15,15,1280,720,exterior_or_unknown,none,exclude,exclude,exclude,,a750626bfcbc2a269e38505a6fe54ca96693b6fc444c5dd0cf608e1a75b47a1d
SHIP_DVIDS_006_f103f86941506dbb,SHIP_DVIDS_006,DVIDS,02_processed/frames/ship_like/DVIDS/20260426/SHIP_DVIDS_006/frame_000016.jpg,16,16,1280,720,exterior_or_unknown,none,exclude,exclude,exclude,,26cc60808364239c80267a37c2b72fe5abf306b4bef7d2a3c8e62403f7942556
SHIP_DVIDS_006_7bf8e9c50a29a1e8,SHIP_DVIDS_006,DVIDS,02_processed/frames/ship_like/DVIDS/20260426/SHIP_DVIDS_006/frame_000017.jpg,17,17,1280,720,exterior_or_unknown,none,exclude,exclude,exclude,,8feb10ef60a9807197a63f40707805625d9d2b3526b0f416e2be390082f24ad4
SHIP_DVIDS_006_63e6d32730694f5f,SHIP_DVIDS_006,DVIDS,02_processed/frames/ship_like/DVIDS/20260426/SHIP_DVIDS_006/frame_000018.jpg,18,18,1280,720,exterior_or_unknown,none,exclude,exclude,exclude,,b613cf2c6aba699945aa05be705720a15ce0120934bd07a97d92d828f2f754be
SHIP_DVIDS_006_b6b7b272116144cf,SHIP_DVIDS_006,DVIDS,02_processed/frames/ship_like/DVIDS/20260426/SHIP_DVIDS_006/frame_000019.jpg,19,19,1280,720,exterior_or_unknown,none,exclude,exclude,exclude,,c9f3c565f38c939306492dbb195b2fe287bd1d24000b775bfc7b7fcd6906eb85
SHIP_DVIDS_006_abfc0aa63775d003,SHIP_DVIDS_006,DVIDS,02_processed/frames/ship_like/DVIDS/20260426/SHIP_DVIDS_006/frame_000020.jpg,20,20,1280,720,exterior_or_unknown,none,exclude,exclude,exclude,,9212ab33d916a2281e526c5d09dd72eeeed0a45ea44b105d07cd937688060cf1
SHIP_DVIDS_006_dad393b7772c4c2a,SHIP_DVIDS_006,DVIDS,02_processed/frames/ship_like/DVIDS/20260426/SHIP_DVIDS_006/frame_000021.jpg,21,21,1280,720,exterior_or_unknown,none,exclude,exclude,exclude,,c815088e3f69ecf80e5f8078c74d292863e276c9308022a7212252c6a7dee9bf
SHIP_DVIDS_006_8e408a4c9eaeac57,SHIP_DVIDS_006,DVIDS,02_processed/frames/ship_like/DVIDS/20260426/SHIP_DVIDS_006/frame_000022.jpg,22,22,1280,720,exterior_or_unknown,none,exclude,exclude,exclude,,52aca1f1306536f6101ca6c5ec031b96b857008eba79b22472386afba2a6be11
SHIP_DVIDS_006_f2e329f4348a4f66,SHIP_DVIDS_006,DVIDS,02_processed/frames/ship_like/DVIDS/20260426/SHIP_DVIDS_006/frame_000023.jpg,23,23,1280,720,exterior_or_unknown,none,exclude,exclude,exclude,,cd178e9da3d235fc44ae5857f2017e14a9306eac2995e98902d5cd137d0af164
SHIP_DVIDS_006_51e1ac026f3007fb,SHIP_DVIDS_006,DVIDS,02_processed/frames/ship_like/DVIDS/20260426/SHIP_DVIDS_006/frame_000024.jpg,24,24,1280,720,exterior_or_unknown,none,exclude,exclude,exclude,,979dcbfab33dd628ac72a6020e739afea4b83a608ed388c95583451e66b610ef
SHIP_DVIDS_006_68c28e88b0a55c4c,SHIP_DVIDS_006,DVIDS,02_processed/frames/ship_like/DVIDS/20260426/SHIP_DVIDS_006/frame_000025.jpg,25,25,1280,720,exterior_or_unknown,none,exclude,exclude,exclude,,5f0f88e975d4683aa98140629edd824b08adc494793280b2363b9ed26a5711a7
SHIP_DVIDS_006_16b04c828806f12e,SHIP_DVIDS_006,DVIDS,02_processed/frames/ship_like/DVIDS/20260426/SHIP_DVIDS_006/frame_000026.jpg,26,26,1280,720,exterior_or_unknown,none,exclude,exclude,exclude,,a81c0e429715c6d64708bca0115d5c9a9092a8c45f9138c8b34e9d68787094b8
SHIP_DVIDS_006_cf08ceb430276dfb,SHIP_DVIDS_006,DVIDS,02_processed/frames/ship_like/DVIDS/20260426/SHIP_DVIDS_006/frame_000027.jpg,27,27,1280,720,exterior_or_unknown,none,exclude,exclude,exclude,,e3daa55d33d4bdf23846ce23251d4096ca2c6723bae732e9b9ff9558c4d8918b
SHIP_DVIDS_006_be67eac56f55a703,SHIP_DVIDS_006,DVIDS,02_processed/frames/ship_like/DVIDS/20260426/SHIP_DVIDS_006/frame_000028.jpg,28,28,1280,720,exterior_or_unknown,none,exclude,exclude,exclude,,6ab7804196325cc8018d1f86157657de49dc02b039d062e40176096901b0c8de
SHIP_DVIDS_006_d161f7802ea051bb,SHIP_DVIDS_006,DVIDS,02_processed/frames/ship_like/DVIDS/20260426/SHIP_DVIDS_006/frame_000029.jpg,29,29,1280,720,exterior_or_unknown,none,exclude,exclude,exclude,,a2b29d917457eaf9f729124658723aca0e1722fe2a60f08ea1b42cab5ad4309d
SHIP_DVIDS_006_dd40dcfded487aa9,SHIP_DVIDS_006,DVIDS,02_processed/frames/ship_like/DVIDS/20260426/SHIP_DVIDS_006/frame_000030.jpg,30,30,1280,720,exterior_or_unknown,none,exclude,exclude,exclude,,0aa77dc3af5b11e959b03c0a4ec5f249ecc1b9fcf8fea734181ccc5325901aec
SHIP_DVIDS_006_a40eb81764c3c858,SHIP_DVIDS_006,DVIDS,02_processed/frames/ship_like/DVIDS/20260426/SHIP_DVIDS_006/frame_000031.jpg,31,31,1280,720,exterior_or_unknown,none,exclude,exclude,exclude,,13f5ddbb8862637d009949670ba1e7b827e753a01da0933161d74d60b50db212
SHIP_DVIDS_006_c80e65b21bd10b01,SHIP_DVIDS_006,DVIDS,02_processed/frames/ship_like/DVIDS/20260426/SHIP_DVIDS_006/frame_000032.jpg,32,32,1280,720,exterior_or_unknown,none,exclude,exclude,exclude,,1f771fe0dd6f050c86ddd9f38c9994621a3f8959e676e7e3f6d773ec7b58ca96
SHIP_DVIDS_006_f551c2b00270c948,SHIP_DVIDS_006,DVIDS,02_processed/frames/ship_like/DVIDS/20260426/SHIP_DVIDS_006/frame_000033.jpg,33,33,1280,720,exterior_or_unknown,none,exclude,exclude,exclude,,f97c58568b18cfb8cd0d81ba8ea7204023a22c1d74cd4c9d73fa298b7e256bb1
SHIP_DVIDS_006_56774d6b58c22cca,SHIP_DVIDS_006,DVIDS,02_processed/frames/ship_like/DVIDS/20260426/SHIP_DVIDS_006/frame_000034.jpg,34,34,1280,720,exterior_or_unknown,none,exclude,exclude,exclude,,e37e9ca209417bb55cbd9b9059760db7a181d6d61b0d847a3a011f9badc89e27
SHIP_DVIDS_006_bf9cb6966f5b3939,SHIP_DVIDS_006,DVIDS,02_processed/frames/ship_like/DVIDS/20260426/SHIP_DVIDS_006/frame_000035.jpg,35,35,1280,720,exterior_or_unknown,none,exclude,exclude,exclude,,bdc21983b417301b0ee04cc70f9be8c65040b69218bc26e4d5a424065573df48
SHIP_DVIDS_006_30740c56675621c0,SHIP_DVIDS_006,DVIDS,02_processed/frames/ship_like/DVIDS/20260426/SHIP_DVIDS_006/frame_000036.jpg,36,36,1280,720,exterior_or_unknown,none,exclude,exclude,exclude,,45dea02e9794de8c933c5e7a3c27a9ddbab2add2753dafd3f1f5ad695878f82a
SHIP_DVIDS_006_3a5b86266c6fba53,SHIP_DVIDS_006,DVIDS,02_processed/frames/ship_like/DVIDS/20260426/SHIP_DVIDS_006/frame_000037.jpg,37,37,1280,720,exterior_or_unknown,none,exclude,exclude,exclude,,6c9d52a436935ddfc667d023c3cfcb976f742aa0f64856c2564185d748d534aa
SHIP_DVIDS_006_8bf4e89af2fdd205,SHIP_DVIDS_006,DVIDS,02_processed/frames/ship_like/DVIDS/20260426/SHIP_DVIDS_006/frame_000038.jpg,38,38,1280,720,exterior_or_unknown,none,exclude,exclude,exclude,,1d0e3b52ae70b2ff521453b4cd960a63725e307076d737cf0d6d935046f7f46b
SHIP_DVIDS_006_5a2bea529f0f0cdb,SHIP_DVIDS_006,DVIDS,02_processed/frames/ship_like/DVIDS/20260426/SHIP_DVIDS_006/frame_000039.jpg,39,39,1280,720,exterior_or_unknown,none,exclude,exclude,exclude,,ea77463cb1256efc0b3523a5bcb55360ce0647d4f89c2c5859520c1d825deb90
SHIP_DVIDS_006_d027f8373d4986ec,SHIP_DVIDS_006,DVIDS,02_processed/frames/ship_like/DVIDS/20260426/SHIP_DVIDS_006/frame_000040.jpg,40,40,1280,720,exterior_or_unknown,none,exclude,exclude,exclude,,e0556f7d937fc75b09615bbb9a777712e63a3eadf597ef7e007eb698b1805903
SHIP_DVIDS_006_fe3be0265cbdf9fd,SHIP_DVIDS_006,DVIDS,02_processed/frames/ship_like/DVIDS/20260426/SHIP_DVIDS_006/frame_000041.jpg,41,41,1280,720,exterior_or_unknown,none,exclude,exclude,exclude,,015465956b102aa8c850dfd094202238e15c8964e992c8467a0ebb8972d02356
SHIP_DVIDS_006_b5e21385008efe62,SHIP_DVIDS_006,DVIDS,02_processed/frames/ship_like/DVIDS/20260426/SHIP_DVIDS_006/frame_000042.jpg,42,42,1280,720,exterior_or_unknown,none,exclude,exclude,exclude,,56aa7e80925d1f545d0274a1fdbdb0862d0960a9480b22ced77e2eea6dfb7ec3
SHIP_DVIDS_006_7f549f761542b969,SHIP_DVIDS_006,DVIDS,02_processed/frames/ship_like/DVIDS/20260426/SHIP_DVIDS_006/frame_000043.jpg,43,43,1280,720,exterior_or_unknown,none,exclude,exclude,exclude,,41c66adb5985b17140f72e66196362fceedbcdac666db69d5a0ed3fb65ed5778
SHIP_DVIDS_006_e2f6845a4fd7076f,SHIP_DVIDS_006,DVIDS,02_processed/frames/ship_like/DVIDS/20260426/SHIP_DVIDS_006/frame_000044.jpg,44,44,1280,720,exterior_or_unknown,none,exclude,exclude,exclude,,4219e335068a10fa01d9e4d6917c91e3ea9e94e5f0c7e773245ceb32dc79d71f
SHIP_DVIDS_006_f3fd2b7f1025a1d8,SHIP_DVIDS_006,DVIDS,02_processed/frames/ship_like/DVIDS/20260426/SHIP_DVIDS_006/frame_000045.jpg,45,45,1280,720,exterior_or_unknown,none,exclude,exclude,exclude,,2d1dd9c1a50f1499d0afdc649001ba8139dd8421ba71d685b6c49fe9be9e4bc7
SHIP_DVIDS_006_2bfbb24fb1c0e155,SHIP_DVIDS_006,DVIDS,02_processed/frames/ship_like/DVIDS/20260426/SHIP_DVIDS_006/frame_000046.jpg,46,46,1280,720,exterior_or_unknown,none,exclude,exclude,exclude,,ad92dd46d3b492d06d9f0964a83c3895de48163a912917b7b72f10a84f366457
SHIP_DVIDS_006_25427e1ed81cbc2b,SHIP_DVIDS_006,DVIDS,02_processed/frames/ship_like/DVIDS/20260426/SHIP_DVIDS_006/frame_000047.jpg,47,47,1280,720,exterior_or_unknown,none,exclude,exclude,exclude,,5564ffd9c7f118046077bf978b48a590b9d7b66c8536f5fbe72f7808c945f99e
SHIP_DVIDS_006_f651b459b592c903,SHIP_DVIDS_006,DVIDS,02_processed/frames/ship_like/DVIDS/20260426/SHIP_DVIDS_006/frame_000048.jpg,48,48,1280,720,exterior_or_unknown,none,exclude,exclude,exclude,,62145debad24602bb0f059c4ad1a33a819d4a118e6a466cdaefaa49d69042cab
SHIP_DVIDS_006_91fad9ebcba2937b,SHIP_DVIDS_006,DVIDS,02_processed/frames/ship_like/DVIDS/20260426/SHIP_DVIDS_006/frame_000049.jpg,49,49,1280,720,exterior_or_unknown,none,exclude,exclude,exclude,,8db01d7e2a08f14ef47ef5eb89f653ff22b604a7dea141257027e053ea9b31ed
SHIP_DVIDS_006_122fa12ad771e8a4,SHIP_DVIDS_006,DVIDS,02_processed/frames/ship_like/DVIDS/20260426/SHIP_DVIDS_006/frame_000050.jpg,50,50,1280,720,exterior_or_unknown,none,exclude,exclude,exclude,,cd503c139751b76c0b5ee474f576a677f9bf4f51e5153fed8247bfbec7313b2d
SHIP_DVIDS_006_0d366801de53504e,SHIP_DVIDS_006,DVIDS,02_processed/frames/ship_like/DVIDS/20260426/SHIP_DVIDS_006/frame_000051.jpg,51,51,1280,720,exterior_or_unknown,none,exclude,exclude,exclude,,3dfaee910ff3679d5198de72b1daf7bdfafcec2c63f225246a44dd2511bc46bf
SHIP_DVIDS_006_b228b6811de811ea,SHIP_DVIDS_006,DVIDS,02_processed/frames/ship_like/DVIDS/20260426/SHIP_DVIDS_006/frame_000052.jpg,52,52,1280,720,exterior_or_unknown,none,exclude,exclude,exclude,,b6e36bd468d0aed1709ee547c79be2cf54a031094d357b6561c3fd9d995103b6
SHIP_DVIDS_006_69d3a4e93f30e812,SHIP_DVIDS_006,DVIDS,02_processed/frames/ship_like/DVIDS/20260426/SHIP_DVIDS_006/frame_000053.jpg,53,53,1280,720,exterior_or_unknown,none,exclude,exclude,exclude,,3b987219873d4a3caec00c4fe96c9cc9dcf550ed53a0b36a90593365c316a590
SHIP_DVIDS_006_0e83cf6eca375bf8,SHIP_DVIDS_006,DVIDS,02_processed/frames/ship_like/DVIDS/20260426/SHIP_DVIDS_006/frame_000054.jpg,54,54,1280,720,exterior_or_unknown,none,exclude,exclude,exclude,,085557f5e01f98e11235338fb0209db35072e25488f871719dde8a0b2cbf1437
SHIP_DVIDS_006_75b781f505eeb45a,SHIP_DVIDS_006,DVIDS,02_processed/frames/ship_like/DVIDS/20260426/SHIP_DVIDS_006/frame_000055.jpg,55,55,1280,720,exterior_or_unknown,none,exclude,exclude,exclude,,f46f98abb047e1bd54b33e2ecf8f6989bebcc140426f92d17325810dc25bec29
SHIP_DVIDS_006_024323cfb61a7a15,SHIP_DVIDS_006,DVIDS,02_processed/frames/ship_like/DVIDS/20260426/SHIP_DVIDS_006/frame_000056.jpg,56,56,1280,720,exterior_or_unknown,none,exclude,exclude,exclude,,1da205c270157b35d7d14a5bd251583235abe6d9958df0c830af2f6976ee9714
SHIP_DVIDS_006_678d50deea7e6e35,SHIP_DVIDS_006,DVIDS,02_processed/frames/ship_like/DVIDS/20260426/SHIP_DVIDS_006/frame_000057.jpg,57,57,1280,720,exterior_or_unknown,none,exclude,exclude,exclude,,58fbb0d2c6e7e6955f32d4febb3c29b521f14b8894c676f5895de080c8ecda76
SHIP_DVIDS_006_a698d7fa862c146b,SHIP_DVIDS_006,DVIDS,02_processed/frames/ship_like/DVIDS/20260426/SHIP_DVIDS_006/frame_000058.jpg,58,58,1280,720,exterior_or_unknown,none,exclude,exclude,exclude,,831627f9ddb180f75e8e966c9536a8a1f8866f5ee54bceff0bc305e6123fa204
SHIP_DVIDS_006_31aca01406617211,SHIP_DVIDS_006,DVIDS,02_processed/frames/ship_like/DVIDS/20260426/SHIP_DVIDS_006/frame_000059.jpg,59,59,1280,720,exterior_or_unknown,none,exclude,exclude,exclude,,f862a0ae629eeb90a5bc6c36a64daddb424f54dc04c2787abf3d792a87ee8c79
SHIP_DVIDS_006_e88f0a98cdade4f2,SHIP_DVIDS_006,DVIDS,02_processed/frames/ship_like/DVIDS/20260426/SHIP_DVIDS_006/frame_000060.jpg,60,60,1280,720,exterior_or_unknown,none,exclude,exclude,exclude,,f4a051fd64e551b09ae6d02647414009ebe241a40e6280d225c77860883cc7f7
SHIP_DVIDS_006_b20ffe50306bd552,SHIP_DVIDS_006,DVIDS,02_processed/frames/ship_like/DVIDS/20260426/SHIP_DVIDS_006/frame_000061.jpg,61,61,1280,720,exterior_or_unknown,none,exclude,exclude,exclude,,fc8ede684be3979acb3ef8c520fb76a070dece114cad67228d51c17d28e8b978
SHIP_NOAA_001_6475f58d460fd290,SHIP_NOAA_001,NOAA,02_processed/frames/ship_like/NOAA/20260426/SHIP_NOAA_001/frame_000000.jpg,0,0,1280,720,exterior_or_unknown,none,exclude,exclude,exclude,,e48d6d3256ec9663786156aabb8499177e706606ced37a2fa348dc261b1dd52a
SHIP_NOAA_001_70f5ba11bf4a3231,SHIP_NOAA_001,NOAA,02_processed/frames/ship_like/NOAA/20260426/SHIP_NOAA_001/frame_000001.jpg,1,1,1280,720,exterior_or_unknown,none,exclude,exclude,exclude,,75acadb19268f7d0c80604ee07e7305540e7469142b21f1661bb01160923c75e
SHIP_NOAA_001_8646905ff440d648,SHIP_NOAA_001,NOAA,02_processed/frames/ship_like/NOAA/20260426/SHIP_NOAA_001/frame_000002.jpg,2,2,1280,720,exterior_or_unknown,none,exclude,exclude,exclude,,30a891bc03a34b6232429c981d63e53e51a2d4d7bbaa0d9c8b742918a3c3f0bb
SHIP_NOAA_001_25ba62e27bc1ed94,SHIP_NOAA_001,NOAA,02_processed/frames/ship_like/NOAA/20260426/SHIP_NOAA_001/frame_000003.jpg,3,3,1280,720,exterior_or_unknown,none,exclude,exclude,exclude,,7435a17866155175dd50ff39e9fbc96ba9c22a6bc7f767f19646325219d0adfc
SHIP_NOAA_001_873aea23f4574819,SHIP_NOAA_001,NOAA,02_processed/frames/ship_like/NOAA/20260426/SHIP_NOAA_001/frame_000004.jpg,4,4,1280,720,exterior_or_unknown,none,exclude,exclude,exclude,,ccd8982f51abdf2f12c73adb0b8dc23d901175f4a1a953f7f36947d099d15358
SHIP_NOAA_001_a11e6bcb3c6f5440,SHIP_NOAA_001,NOAA,02_processed/frames/ship_like/NOAA/20260426/SHIP_NOAA_001/frame_000005.jpg,5,5,1280,720,exterior_or_unknown,none,exclude,exclude,exclude,,8865006833ae5d985b7609894c73cd83ba45722d31aed7c383ed53733238dc10
SHIP_NOAA_001_dbd26317ce14d6be,SHIP_NOAA_001,NOAA,02_processed/frames/ship_like/NOAA/20260426/SHIP_NOAA_001/frame_000006.jpg,6,6,1280,720,exterior_or_unknown,none,exclude,exclude,exclude,,dc1de12d294e68e5527e88d69edaba3a7cc16a66fb3bef763fbfb3cabe6a713e
SHIP_NOAA_001_51a4158f4e528cfe,SHIP_NOAA_001,NOAA,02_processed/frames/ship_like/NOAA/20260426/SHIP_NOAA_001/frame_000007.jpg,7,7,1280,720,deck,none,synth_background,train,good,,d827b0a98cec18a878aa69c140610e24ed8aa6719a0601eaffd62f951ee00924
SHIP_NOAA_001_2208928e23ac4c2b,SHIP_NOAA_001,NOAA,02_processed/frames/ship_like/NOAA/20260426/SHIP_NOAA_001/frame_000008.jpg,8,8,1280,720,deck,none,synth_background,train,good,,cf5683f226ae75b82cad518179629735cc82babb0b70b5f9cb01f1fecc76368d
SHIP_NOAA_001_e29ea41a9161494a,SHIP_NOAA_001,NOAA,02_processed/frames/ship_like/NOAA/20260426/SHIP_NOAA_001/frame_000009.jpg,9,9,1280,720,exterior_or_unknown,none,exclude,exclude,exclude,,390fc702878cba70d8ee2d256c15845c9b468480993bc9645bc666593ba5255f
SHIP_NOAA_001_32ff0895ffa9c8f5,SHIP_NOAA_001,NOAA,02_processed/frames/ship_like/NOAA/20260426/SHIP_NOAA_001/frame_000010.jpg,10,10,1280,720,exterior_or_unknown,none,exclude,exclude,exclude,,c4c6588488259cd1febfe270df8477a24ae4f4aa1efc997e13a47f12c63d1fb0
SHIP_NOAA_001_b7f829cfb129e17e,SHIP_NOAA_001,NOAA,02_processed/frames/ship_like/NOAA/20260426/SHIP_NOAA_001/frame_000011.jpg,11,11,1280,720,exterior_or_unknown,none,exclude,exclude,exclude,,69f47be045a3fbf0a173ccb708325cc3a5e6db77ebc32b95100cf09340826c0a
SHIP_NOAA_001_8f6435b45946e9ae,SHIP_NOAA_001,NOAA,02_processed/frames/ship_like/NOAA/20260426/SHIP_NOAA_001/frame_000012.jpg,12,12,1280,720,exterior_or_unknown,none,exclude,exclude,exclude,,a930569b6ec3e118bf12e07a91642e60c0552f52b737e3550568eb321d44fb4a
SHIP_NOAA_001_b613d12bd4052045,SHIP_NOAA_001,NOAA,02_processed/frames/ship_like/NOAA/20260426/SHIP_NOAA_001/frame_000013.jpg,13,13,1280,720,exterior_or_unknown,none,exclude,exclude,exclude,,eebfa571673b5158652c6859c83102dd14a4d6f8ad1c305cbd5d9da5ea69a9e4
SHIP_NOAA_001_675859322c7ffb0e,SHIP_NOAA_001,NOAA,02_processed/frames/ship_like/NOAA/20260426/SHIP_NOAA_001/frame_000014.jpg,14,14,1280,720,exterior_or_unknown,none,exclude,exclude,exclude,,f7fd18e7ad59af41d7d868dd01ea92613960a5c5d660f3879908f53a8292f7cc
SHIP_NOAA_001_7b78ebeb79d5d042,SHIP_NOAA_001,NOAA,02_processed/frames/ship_like/NOAA/20260426/SHIP_NOAA_001/frame_000015.jpg,15,15,1280,720,exterior_or_unknown,none,exclude,exclude,exclude,,cfe731235351cffccc7f041c3d8f5d8e81d86da548afb45069dc4e67ce6e1b2d
SHIP_NOAA_001_cc58f8eda510c83a,SHIP_NOAA_001,NOAA,02_processed/frames/ship_like/NOAA/20260426/SHIP_NOAA_001/frame_000016.jpg,16,16,1280,720,exterior_or_unknown,none,exclude,exclude,exclude,,f61531974f2f2d637fa1702448fba83c2cf49aae077a7c4fb7f23615fdfcf10b
SHIP_NOAA_001_b6423476a6420165,SHIP_NOAA_001,NOAA,02_processed/frames/ship_like/NOAA/20260426/SHIP_NOAA_001/frame_000017.jpg,17,17,1280,720,exterior_or_unknown,none,exclude,exclude,exclude,,2e91be3ea1d1de3417c66329aae9ebb6f9add46df9990d86b158b789f5477908
SHIP_NOAA_001_2bb4e3f90d194aed,SHIP_NOAA_001,NOAA,02_processed/frames/ship_like/NOAA/20260426/SHIP_NOAA_001/frame_000018.jpg,18,18,1280,720,exterior_or_unknown,none,exclude,exclude,exclude,,2a3d3fc50ec31c7aa48c2815a18e8115d9d49d6e0eecc9f9f603cdcf657def50
SHIP_NOAA_001_118d9883ab66fb39,SHIP_NOAA_001,NOAA,02_processed/frames/ship_like/NOAA/20260426/SHIP_NOAA_001/frame_000019.jpg,19,19,1280,720,exterior_or_unknown,none,exclude,exclude,exclude,,535ccaa990150915b70e2c8576da3c63832a0af9aa69a608cd67c517c94bd5cc
SHIP_NOAA_001_5622c96181c1fe41,SHIP_NOAA_001,NOAA,02_processed/frames/ship_like/NOAA/20260426/SHIP_NOAA_001/frame_000020.jpg,20,20,1280,720,exterior_or_unknown,none,exclude,exclude,exclude,,df082cec1bb5bd2c9f7023f7c00474a86d18215b065a1b81c6ba9a9a786a31c7
SHIP_NOAA_001_ae1c00929016f638,SHIP_NOAA_001,NOAA,02_processed/frames/ship_like/NOAA/20260426/SHIP_NOAA_001/frame_000021.jpg,21,21,1280,720,exterior_or_unknown,none,exclude,exclude,exclude,,ac2c0e234a985e768b91fcd5370980ca5f41829bd7a0493f523f2a4f78303a82
SHIP_NOAA_001_38965afd47a69be8,SHIP_NOAA_001,NOAA,02_processed/frames/ship_like/NOAA/20260426/SHIP_NOAA_001/frame_000022.jpg,22,22,1280,720,exterior_or_unknown,none,exclude,exclude,exclude,,18921e1fbd2d01cd9251d85a46246ec3de3063560c4440d3a9bcd04e88726f30
SHIP_NOAA_001_5394e192fe419b22,SHIP_NOAA_001,NOAA,02_processed/frames/ship_like/NOAA/20260426/SHIP_NOAA_001/frame_000023.jpg,23,23,1280,720,exterior_or_unknown,none,exclude,exclude,exclude,,45fc42f51a3f7c0ceb83d51ecc87759fe30cf53224b62893655dc54c34cd5b6c
SHIP_NOAA_001_5ee8bf5a21e91a50,SHIP_NOAA_001,NOAA,02_processed/frames/ship_like/NOAA/20260426/SHIP_NOAA_001/frame_000024.jpg,24,24,1280,720,exterior_or_unknown,none,exclude,exclude,exclude,,487a6f512c43d5f99dda22ac4a2c67f928a7be004a40ce8293d3ee36601217b1
SHIP_NOAA_001_37ea54f427394443,SHIP_NOAA_001,NOAA,02_processed/frames/ship_like/NOAA/20260426/SHIP_NOAA_001/frame_000025.jpg,25,25,1280,720,exterior_or_unknown,none,exclude,exclude,exclude,,728961770e526d458731f98f8db6a054b0170544708ede49b02d0c6831bcc3ec
SHIP_NOAA_001_acc7bda25ca53fe1,SHIP_NOAA_001,NOAA,02_processed/frames/ship_like/NOAA/20260426/SHIP_NOAA_001/frame_000026.jpg,26,26,1280,720,exterior_or_unknown,none,exclude,exclude,exclude,,e3792883ad1feafc519b91f21bf89b21eb49fcd0a258d2ce1455e45716cc204a
SHIP_NOAA_001_4ee8b79b1700e5d0,SHIP_NOAA_001,NOAA,02_processed/frames/ship_like/NOAA/20260426/SHIP_NOAA_001/frame_000027.jpg,27,27,1280,720,exterior_or_unknown,none,exclude,exclude,exclude,,bc5b7692a3130b476e0b1dedd19cbd00b06ed455bd7cce8251cd67e37262e174
SHIP_NOAA_001_9ed38ef3f04ff847,SHIP_NOAA_001,NOAA,02_processed/frames/ship_like/NOAA/20260426/SHIP_NOAA_001/frame_000028.jpg,28,28,1280,720,deck,red_machine,synth_background,train,normal,,4e1bc0acd566331d642baa8f51126fd7f58985f3e21e2566701bffdd14f05de6
SHIP_NOAA_001_55e7d6889f0a376a,SHIP_NOAA_001,NOAA,02_processed/frames/ship_like/NOAA/20260426/SHIP_NOAA_001/frame_000029.jpg,29,29,1280,720,deck,red_machine,synth_background,train,normal,,ee21e0f69e715b39ccf95795e8d0adb4d4cefd8d72ec2822d4ba4a1a163ffec8
SHIP_NOAA_001_6158eab5bbc4693f,SHIP_NOAA_001,NOAA,02_processed/frames/ship_like/NOAA/20260426/SHIP_NOAA_001/frame_000030.jpg,30,30,1280,720,exterior_or_unknown,none,exclude,exclude,exclude,,489d0d029220cb429c2bbbcafaf2e32e3b29947f7dd08ee3e9ab55759e1da6a7
SHIP_NOAA_001_411c60e003a32744,SHIP_NOAA_001,NOAA,02_processed/frames/ship_like/NOAA/20260426/SHIP_NOAA_001/frame_000031.jpg,31,31,1280,720,exterior_or_unknown,none,exclude,exclude,exclude,,2abbc1828e7217e7564b7f23f0fda42791ed174367b94e228c22754fc90146b6
SHIP_NOAA_001_1672892e936a565d,SHIP_NOAA_001,NOAA,02_processed/frames/ship_like/NOAA/20260426/SHIP_NOAA_001/frame_000032.jpg,32,32,1280,720,exterior_or_unknown,none,exclude,exclude,exclude,,9a2a675c7ed559a174fdd85c6948f6aaf2b6d9eee28f98342dce2bfc74652c35
SHIP_NOAA_001_c821acddbb9f61ad,SHIP_NOAA_001,NOAA,02_processed/frames/ship_like/NOAA/20260426/SHIP_NOAA_001/frame_000033.jpg,33,33,1280,720,control_room,none,synth_background,train,good,with_human,298540df8f9472bfc06be3074e45ce1e45730d08b675f2972d70b1abfb3c85fe
SHIP_NOAA_001_d971f16ca0ea3d12,SHIP_NOAA_001,NOAA,02_processed/frames/ship_like/NOAA/20260426/SHIP_NOAA_001/frame_000034.jpg,34,34,1280,720,control_room,none,synth_background,train,good,with_human,e26ebeabd3b9ecef80d331a37ceaa8aa6d3bff69f795a3c1c293e2ca94176821
SHIP_NOAA_001_8da335d759dd04f3,SHIP_NOAA_001,NOAA,02_processed/frames/ship_like/NOAA/20260426/SHIP_NOAA_001/frame_000035.jpg,35,35,1280,720,control_room,none,synth_background,train,good,with_human,7815f37110f5302d8960f8f654189f5fac298832e5cdb6995d94c90b8c047804
SHIP_NOAA_001_a24ca3f0304a3203,SHIP_NOAA_001,NOAA,02_processed/frames/ship_like/NOAA/20260426/SHIP_NOAA_001/frame_000036.jpg,36,36,1280,720,control_room,none,synth_background,train,good,with_human,1d3e44dff7f48d13d47d80a0848ed4c3ead95b2693932235c77dd34accb9d01b
SHIP_NOAA_001_2638a052c9aeffd4,SHIP_NOAA_001,NOAA,02_processed/frames/ship_like/NOAA/20260426/SHIP_NOAA_001/frame_000037.jpg,37,37,1280,720,control_room,none,synth_background,train,good,with_human,c0facbb7038770f3019b3efcb055253ce2e9a744cdf1a9d41b80c2e3ece6f72d
SHIP_NOAA_001_5bf94dd5a3e1f50e,SHIP_NOAA_001,NOAA,02_processed/frames/ship_like/NOAA/20260426/SHIP_NOAA_001/frame_000038.jpg,38,38,1280,720,control_room,none,synth_background,train,good,with_human,ddd1ce84687e5fde743bc68c0138254c1fbf44696370029d3d5a8bc12112ee16
SHIP_NOAA_001_f194300d4cb16121,SHIP_NOAA_001,NOAA,02_processed/frames/ship_like/NOAA/20260426/SHIP_NOAA_001/frame_000039.jpg,39,39,1280,720,control_room,none,synth_background,train,good,with_human,0ec6a8003808bea032d4b03e615ae746429b272a35d38a6e22db136fe89c36f7
SHIP_NOAA_001_79e415209706f7e5,SHIP_NOAA_001,NOAA,02_processed/frames/ship_like/NOAA/20260426/SHIP_NOAA_001/frame_000040.jpg,40,40,1280,720,control_room,none,synth_background,train,good,with_human,b297c7432e96b65668683c1e891facea1990ec0eed631a574b46e46b0026e853
SHIP_NOAA_001_9b0cfa79f6b9ca56,SHIP_NOAA_001,NOAA,02_processed/frames/ship_like/NOAA/20260426/SHIP_NOAA_001/frame_000041.jpg,41,41,1280,720,exterior_or_unknown,none,exclude,exclude,exclude,,486bee86fbda5ed29d050dacb10b3e60c1beabc90d1e16f5e3a3b4f11d90fa20
SHIP_NOAA_001_dda892f81298d546,SHIP_NOAA_001,NOAA,02_processed/frames/ship_like/NOAA/20260426/SHIP_NOAA_001/frame_000042.jpg,42,42,1280,720,exterior_or_unknown,none,exclude,exclude,exclude,,df67c54d0aff1f057bb815b62e1f49a7e84db1052a88f79664720c88091e445c
SHIP_NOAA_001_a70e4cfa9675ca8e,SHIP_NOAA_001,NOAA,02_processed/frames/ship_like/NOAA/20260426/SHIP_NOAA_001/frame_000043.jpg,43,43,1280,720,exterior_or_unknown,none,exclude,exclude,exclude,,c29800ce212672d1e17c375426a3bd8f4272366376859db121e5047a0b5c1f9c
SHIP_NOAA_001_cff4c71513282b06,SHIP_NOAA_001,NOAA,02_processed/frames/ship_like/NOAA/20260426/SHIP_NOAA_001/frame_000044.jpg,44,44,1280,720,exterior_or_unknown,none,exclude,exclude,exclude,,dc08e13941ac98b67b017d2d897d9f1aa3188356b6e6037bf88690d0c092e3b3
SHIP_NOAA_001_5395bde812e0c723,SHIP_NOAA_001,NOAA,02_processed/frames/ship_like/NOAA/20260426/SHIP_NOAA_001/frame_000045.jpg,45,45,1280,720,control_room,none,synth_background,train,good,with_human,d8d98c4ab2a6fe599fe51abd7996abc38a8b0d70b5e02905f325586406c8e2bd
SHIP_NOAA_001_a2a992338770cf10,SHIP_NOAA_001,NOAA,02_processed/frames/ship_like/NOAA/20260426/SHIP_NOAA_001/frame_000046.jpg,46,46,1280,720,control_room,none,synth_background,train,good,with_human,9555853da535f44cb76080dfc07bc6677ccf62efcfcfe0caf5d074e58c7dbdd5
SHIP_NOAA_001_4c4f2e0489607286,SHIP_NOAA_001,NOAA,02_processed/frames/ship_like/NOAA/20260426/SHIP_NOAA_001/frame_000047.jpg,47,47,1280,720,control_room,none,synth_background,train,good,,caaa5873506cf8820fe70e6eb93486101c8adfa235acb4575e995af13db34bc2
SHIP_NOAA_001_acde53077d2dd36c,SHIP_NOAA_001,NOAA,02_processed/frames/ship_like/NOAA/20260426/SHIP_NOAA_001/frame_000048.jpg,48,48,1280,720,control_room,none,synth_background,train,good,,8e92b1028bf70057d181cbae47ce7d383ff75b5b6d228c6a271fb06076cce380
SHIP_NOAA_001_ceb5275aaffef214,SHIP_NOAA_001,NOAA,02_processed/frames/ship_like/NOAA/20260426/SHIP_NOAA_001/frame_000049.jpg,49,49,1280,720,control_room,red_button,synth_background,train,good,,6734e72bbea7e3725d2e7ad1ef326793f25e42c53a6747480125bbcbf37990f3
SHIP_NOAA_002_4d240966a349864e,SHIP_NOAA_002,NOAA,02_processed/frames/ship_like/NOAA/20260426/SHIP_NOAA_002/still_000000.jpg,,0,4032,2400,control_room,monitor,synth_background,train,good,with_human,c35baa7ae92495084092d556512fd421130165df6387b258921c0955dc74cff2
SHIP_NOAA_003_7bccb29593cd56c0,SHIP_NOAA_003,NOAA,02_processed/frames/ship_like/NOAA/20260426/SHIP_NOAA_003/still_000000.jpg,,0,3000,1532,control_room,red_light,hard_negative_eval,train,good,,bd2b5f7fd3e5003f85bf76902a5fc4d7446abfa138aed2dd010c5a126d527b11
SHIP_NOAA_004_eea2f360994a7572,SHIP_NOAA_004,NOAA,02_processed/frames/ship_like/NOAA/20260426/SHIP_NOAA_004/still_000000.jpg,,0,1125,837,engine_room,red_machine,synth_background,train,good,with_human,3569c9e0f6d9eee0377b40aeb3bf464117ed56dc452016c24e829ba70834c84b
SHIP_NOAA_006_82382402e3440acf,SHIP_NOAA_006,NOAA,02_processed/frames/ship_like/NOAA/20260426/SHIP_NOAA_006/still_000000.jpg,,0,1125,1490,ladder,none,exclude,exclude,exclude,with_human,892eeb915574b7351dbb5948fd762984ac377803231900f737d3d81874296b1b